-76706,
9721,
119664,
214187,
316819,
439967,
614547,
875367,
1271252,
1777061,
2346300,
2311595,
1510238,
324091,
-761100,
-1427707,
-1663555,
-1733952,
-1718146,
-1645536,
-1573459,
-1438908,
-1274694,
-1105237,
-892181,
-670831,
-444697,
-248001,
-96354,
-12193,
18500,
34905,
40795,
31104,
35465,
48180,
28627,
55560,
67340,
55943,
95225,
98913,
102038,
168632,
273032,
323938,
661168,
447143,
205952,
-176117,
-166313,
-209517,
-167039,
-120680,
284206,
3736222,
2998831,
-2883598,
-1504898,
-510119,
-118414,
17383,
118600,
209923,
300389,
391042,
525743,
715442,
999745,
1419442,
1909339,
2392182,
2099918,
1176234,
-21900,
-967323,
-1494571,
-1681463,
-1713422,
-1658449,
-1572601,
-1437147,
-1331701,
-1190852,
-1018691,
-821878,
-615886,
-373955,
-210693,
-82582,
1298,
17891,
22545,
31295,
19219,
21830,
10843,
31896,
52642,
35701,
57014,
57018,
144994,
289720,
340576,
641258,
357043,
166799,
-204758,
-241489,
-231036,
-214664,
-153447,
566840,
4610395,
2103245,
-2619614,
-1094978,
-477572,
-247828,
-75882,
34496,
126805,
193981,
321129,
485306,
682056,
1014700,
1453398,
2016657,
2467652,
2117449,
1136650,
-87564,
-1060317,
-1559784,
-1740362,
-1760060,
-1741685,
-1655664,
-1562741,
-1426999,
-1266816,
-1063361,
-844654,
-586508,
-370693,
-195146,
-83178,
-8846,
7881,
24279,
31214,
25843,
26631,
34442,
23061,
33551,
28564,
39044,
41885,
56337,
62788,
98389,
106902,
295317,
349006,
579735,
529781,
291142,
-105607,
-201854,
-239661,
-220198,
-157479,
52802,
2219669,
4936027,
-1891846,
-1631958,
-561142,
-184665,
-107497,
911,
104008,
202729,
286678,
387816,
576679,
841708,
1203592,
1728951,
2310233,
2308078,
1601917,
457183,
-668665,
-1354052,
-1647562,
-1733778,
-1711549,
-1648402,
-1572508,
-1428682,
-1295558,
-1137913,
-923767,
-700907,
-473995,
-275846,
-124931,
-50908,
-3008,
9822,
29146,
27095,
10059,
27027,
18093,
30811,
35219,
45663,
60479,
72129,
71705,
69725,
134206,
281635,
318642,
651269,
464385,
246051,
-185944,
-209309,
-230523,
-192399,
-131202,
264427,
3231881,
3552917,
-2726264,
-1493019,
-553011,
-164542,
-17971,
70647,
146820,
259185,
352009,
463606,
670846,
937495,
1323472,
1846040,
2354420,
2176505,
1349968,
136241,
-899402,
-1451607,
-1673966,
-1728081,
-1654636,
-1612004,
-1506571,
-1370894,
-1242288,
-1072431,
-868774,
-667305,
-437890,
-235678,
-98676,
-4846,
23361,
26483,
40419,
33161,
38707,
61818,
43855,
56805,
51740,
56694,
74022,
127549,
243425,
328876,
628013,
500153,
317583,
-129921,
-190763,
-197104,
-182357,
-114292,
262107,
3154251,
4078207,
-2775564,
-1623396,
-572017,
-125326,
-28753,
49981,
167620,
258129,
339550,
480950,
635034,
895493,
1290995,
1771975,
2355806,
2223963,
1407128,
224038,
-788084,
-1393169,
-1620388,
-1667461,
-1642368,
-1567122,
-1465801,
-1346867,
-1215383,
-1033796,
-871791,
-648921,
-427784,
-256109,
-99959,
-22187,
-7332,
7082,
18728,
29676,
39716,
-2139,
35026,
39637,
59595,
73834,
68295,
49904,
163529,
326423,
385250,
681596,
374706,
151912,
-207674,
-232683,
-231294,
-171241,
-122626,
691081,
5026820,
1182829,
-2154244,
-829753,
-395340,
-289305,
-90184,
33092,
81411,
217943,
303357,
438546,
664079,
990973,
1431854,
2039090,
2429235,
1991437,
1021293,
-188776,
-1094967,
-1551910,
-1718153,
-1747257,
-1693953,
-1635488,
-1535590,
-1380931,
-1218135,
-1035644,
-817467,
-588412,
-370846,
-193902,
-57954,
-3325,
24792,
35258,
42243,
18103,
27514,
38562,
28566,
44433,
68940,
46997,
127816,
280582,
326137,
631254,
479962,
277683,
-147264,
-224599,
-235894,
-201724,
-124305,
296131,
3384623,
3310418,
-2881529,
-1533923,
-514452,
-165094,
-13492,
88183,
186872,
299205,
399897,
505213,
699773,
974140,
1356864,
1879495,
2385272,
2140702,
1265163,
72767,
-928517,
-1470475,
-1682296,
-1715681,
-1690743,
-1583693,
-1512927,
-1343672,
-1237433,
-1064127,
-854865,
-654320,
-403897,
-231746,
-100116,
-14174,
29554,
35760,
48795,
49745,
44696,
41462,
52354,
121765,
252823,
315976,
621564,
434718,
227822,
-179371,
-178869,
-207560,
-178687,
-91456,
485106,
4753941,
1958164,
-2948865,
-1277790,
-406906,
-86390,
70345,
189943,
267899,
341981,
450411,
559498,
760611,
1048882,
1411021,
1948516,
2367406,
1961142,
995275,
-175467,
-1068343,
-1496502,
-1638905,
-1637405,
-1582778,
-1504264,
-1404431,
-1278461,
-1128327,
-971190,
-772017,
-567856,
-338000,
-163019,
-55030,
4713,
23625,
18104,
16308,
24108,
15030,
41974,
44838,
162320,
327877,
418070,
614635,
357304,
78886,
-220060,
-224628,
-222646,
-184103,
-87171,
1134989,
5605743,
98411,
-1948151,
-670803,
-282660,
-211868,
-58082,
91965,
164169,
253039,
377813,
526653,
749730,
1131876,
1565908,
2162107,
2431657,
1844766,
772840,
-416132,
-1250786,
-1635519,
-1749206,
-1761959,
-1729560,
-1643190,
-1531324,
-1382249,
-1198198,
-1010057,
-774769,
-549550,
-331918,
-148065,
-55837,
-21307,
17302,
13313,
30381,
28628,
25053,
23865,
38950,
33445,
33896,
190143,
305127,
446795,
648484,
317309,
56108,
-210482,
-230844,
-222635,
-175540,
-106017,
877365,
5275777,
572101,
-1975577,
-731248,
-339955,
-195967,
-34223,
73865,
184391,
269109,
365113,
528998,
743472,
1085036,
1519362,
2075159,
2385865,
1906418,
876605,
-303150,
-1154104,
-1554854,
-1670810,
-1674002,
-1644334,
-1561436,
-1455316,
-1317855,
-1156869,
-962488,
-758275,
-532701,
-327664,
-165690,
-42384,
-4538,
16838,
35837,
14864,
24175,
38255,
31007,
41096,
44270,
33820,
112085,
304129,
313130,
660070,
453332,
247146,
-208217,
-227836,
-254938,
-222904,
-147388,
252074,
3078918,
3641984,
-2777445,
-1494252,
-529023,
-161396,
-28499,
92351,
171059,
286789,
369674,
492618,
683160,
961502,
1312756,
1818816,
2341175,
2128662,
1308352,
125794,
-908179,
-1443276,
-1653255,
-1694784,
-1643111,
-1577609,
-1477960,
-1324728,
-1202738,
-1019433,
-841555,
-656197,
-414304,
-229609,
-95023,
-17472,
549,
6413,
16555,
17453,
15838,
52483,
25972,
28994,
95601,
239686,
286966,
618810,
468728,
257341,
-152993,
-209925,
-234201,
-186828,
-161678,
177060,
3007506,
3946617,
-3032270,
-1765554,
-570093,
-88376,
35004,
127844,
244751,
351924,
425636,
539272,
717307,
966448,
1328919,
1796945,
2301867,
2134797,
1297690,
139452,
-817381,
-1357640,
-1570658,
-1589764,
-1540439,
-1471916,
-1358108,
-1244087,
-1134748,
-970258,
-817770,
-618202,
-412613,
-248715,
-102177,
-31393,
-9734,
4349,
19042,
8273,
21147,
35237,
26310,
54295,
82213,
252618,
335719,
516460,
534759,
276906,
-81131,
-244541,
-259912,
-238418,
-191018,
107581,
2463472,
4759987,
-2280563,
-1672402,
-577498,
-199233,
-126467,
-23513,
121262,
216005,
307891,
443490,
616785,
889092,
1267520,
1750613,
2345608,
2262646,
1482028,
301940,
-770081,
-1415653,
-1661823,
-1709995,
-1719198,
-1651859,
-1556083,
-1425680,
-1264452,
-1090358,
-879038,
-665745,
-433231,
-238612,
-103720,
-20006,
11898,
30233,
28711,
39020,
34985,
25072,
35290,
44468,
32453,
64746,
243920,
340785,
509899,
643676,
291415,
4381,
-220656,
-280654,
-235291,
-172313,
-103273,
1307664,
5458751,
-457060,
-1743296,
-619738,
-241534,
-161255,
-19033,
99966,
211746,
286153,
383823,
559389,
795464,
1140789,
1593522,
2188840,
2347969,
1758817,
663950,
-492537,
-1230821,
-1574477,
-1672103,
-1678935,
-1624333,
-1538597,
-1412870,
-1282978,
-1111160,
-928446,
-715834,
-503841,
-296996,
-136630,
-34731,
3004,
14721,
40193,
27497,
44590,
45396,
23325,
36365,
43712,
52941,
95655,
279465,
319773,
527546,
647571,
308515,
-49841,
-208108,
-245178,
-212610,
-149395,
-82123,
1499049,
5371194,
-1274019,
-2018393,
-627059,
-168976,
-74749,
47759,
156221,
261132,
353587,
450890,
636617,
877107,
1191373,
1667401,
2231129,
2313106,
1660120,
512845,
-604979,
-1290461,
-1610196,
-1680136,
-1654293,
-1597728,
-1501415,
-1366109,
-1243844,
-1083759,
-933063,
-725058,
-490749,
-289824,
-128625,
-44903,
-25603,
-8898,
17295,
2102,
8021,
29475,
10729,
17824,
54766,
216411,
297480,
498294,
605342,
293634,
-9121,
-199445,
-242460,
-184115,
-158709,
-26515,
1750882,
5527335,
-1259933,
-1922740,
-629639,
-197484,
-126422,
-6005,
126213,
254917,
317509,
426303,
588160,
825642,
1176518,
1623248,
2222365,
2312340,
1644756,
513752,
-579443,
-1279584,
-1589467,
-1659826,
-1666033,
-1592712,
-1510700,
-1402382,
-1264580,
-1094784,
-902651,
-691033,
-474206,
-279241,
-112031,
-26153,
3050,
49069,
44412,
31531,
51339,
47589,
45972,
72098,
59789,
50551,
191602,
332477,
412422,
690459,
372509,
115881,
-197633,
-230915,
-225044,
-143918,
-121222,
680675,
5031472,
1179996,
-2200775,
-852118,
-383754,
-226781,
-37170,
64088,
157332,
277628,
357908,
502456,
727003,
1021518,
1442576,
2016206,
2383725,
1952728,
990997,
-207877,
-1075007,
-1508102,
-1665172,
-1671191,
-1629835,
-1558289,
-1422729,
-1308587,
-1159443,
-967705,
-768221,
-540926,
-327200,
-173044,
-67639,
-333,
16587,
38840,
19328,
8985,
20051,
26881,
31727,
55449,
62919,
48637,
190401,
343874,
432086,
689846,
382887,
76216,
-192681,
-232854,
-234233,
-166038,
-128345,
681698,
5037934,
841588,
-2224900,
-851647,
-333180,
-183014,
3329,
123710,
215311,
325424,
408288,
543836,
764246,
1070291,
1518642,
2062259,
2401208,
1945323,
947595,
-251757,
-1086397,
-1487355,
-1647520,
-1638528,
-1598840,
-1523036,
-1402424,
-1285306,
-1136843,
-951362,
-761108,
-557227,
-340513,
-176379,
-59256,
10770,
16556,
27873,
28219,
22172,
37260,
35890,
46556,
50197,
200288,
265865,
403299,
657894,
339710,
70981,
-199150,
-242755,
-215266,
-167445,
-146582,
897009,
5512453,
251146,
-2457032,
-846041,
-278553,
-109772,
57646,
176254,
265705,
357463,
456308,
595752,
799050,
1090940,
1508809,
2044514,
2305409,
1777367,
732203,
-401253,
-1150821,
-1517219,
-1601471,
-1582723,
-1555149,
-1455660,
-1350554,
-1231251,
-1075672,
-923145,
-748601,
-538073,
-352831,
-182922,
-72625,
-39743,
-43628,
952,
-15105,
-13152,
2802,
4403,
15427,
35465,
148557,
329803,
416245,
633731,
352134,
118224,
-226124,
-235915,
-217106,
-191214,
-117090,
885479,
5347390,
581082,
-2005675,
-738858,
-349325,
-227858,
-71598,
56808,
156006,
232733,
358891,
518567,
737011,
1071971,
1481319,
2074980,
2403738,
1895265,
885574,
-296694,
-1145784,
-1558465,
-1682462,
-1702479,
-1655082,
-1575629,
-1473576,
-1325104,
-1164574,
-967571,
-737111,
-530178,
-313184,
-138852,
-17005,
12943,
57587,
41809,
47907,
59718,
57096,
44059,
76868,
99319,
294624,
356990,
604127,
546407,
321328,
-124871,
-229987,
-246538,
-212425,
-166695,
189239,
2682905,
4307849,
-2482393,
-1542321,
-564589,
-178156,
-94141,
2450,
119104,
227674,
322929,
467014,
620597,
898201,
1261516,
1743030,
2301250,
2193612,
1394315,
227823,
-813137,
-1402130,
-1642796,
-1699757,
-1674122,
-1585698,
-1509079,
-1357808,
-1224273,
-1057947,
-855564,
-643396,
-429963,
-229928,
-90572,
-30250,
5310,
4723,
2333,
39344,
17617,
26495,
35632,
47824,
209596,
309773,
560159,
564339,
324269,
-87691,
-195278,
-216240,
-196736,
-158069,
-2789,
1935521,
4851403,
-2167863,
-1957539,
-618322,
-104699,
-41367,
79833,
214412,
314299,
418658,
514293,
677282,
922761,
1270534,
1704118,
2230342,
2208595,
1443955,
331883,
-713566,
-1343618,
-1575209,
-1626545,
-1595716,
-1506639,
-1422486,
-1303419,
-1176956,
-1031853,
-855033,
-648585,
-451663,
-262607,
-105852,
-50943,
-5309,
7655,
3224,
6965,
24588,
18812,
199851,
296015,
428642,
596278,
287156,
-17350,
-218694,
-233927,
-233209,
-169018,
-65692,
1532428,
5614458,
-1026253,
-2036539,
-674913,
-257638,
-198692,
-50455,
71680,
171349,
268834,
396016,
557920,
827951,
1173402,
1611365,
2206088,
2315822,
1641794,
512764,
-597800,
-1283820,
-1583167,
-1641030,
-1630270,
-1570085,
-1491563,
-1368715,
-1230762,
-1065357,
-838568,
-654607,
-446312,
-234127,
-91285,
-13946,
34255,
21359,
20297,
38186,
22273,
20632,
27452,
90436,
304179,
357648,
650437,
441967,
257537,
-206726,
-224860,
-210056,
-197094,
-105893,
481361,
3973710,
2935799,
-2719451,
-1201628,
-502458,
-225855,
-94482,
22909,
121805,
218212,
332978,
471199,
684968,
982426,
1376462,
1882195,
2352578,
2050247,
1119806,
-60028,
-1008779,
-1483429,
-1635484,
-1676837,
-1637124,
-1558741,
-1456035,
-1322136,
-1154867,
-999331,
-813999,
-609763,
-402533,
-212448,
-93608,
-54189,
-20640,
-22193,
-18932,
-10521,
-15869,
-15804,
-6709,
15294,
201561,
318962,
471758,
584514,
288109,
-57737,
-245940,
-247446,
-245145,
-189094,
-38755,
1554293,
5208935,
-1258581,
-1842987,
-641643,
-198451,
-141129,
-2914,
123333,
224304,
310968,
443142,
606972,
854018,
1212157,
1649849,
2210869,
2278065,
1610721,
485044,
-633220,
-1276199,
-1550076,
-1613309,
-1599770,
-1536042,
-1459175,
-1335956,
-1196210,
-1021490,
-866703,
-651514,
-477638,
-280851,
-106713,
-25231,
6911,
29850,
19138,
28201,
40950,
26823,
51971,
96918,
256801,
314399,
638368,
477660,
281413,
-179822,
-213066,
-234983,
-208798,
-143475,
232135,
3209553,
3564058,
-3082399,
-1715139,
-575855,
-86935,
31580,
126180,
255270,
344076,
430651,
566301,
726565,
995715,
1366605,
1824447,
2325042,
2079586,
1177980,
23927,
-905747,
-1397092,
-1569257,
-1578816,
-1546592,
-1449656,
-1358146,
-1244304,
-1101644,
-958209,
-778829,
-589494,
-380830,
-206174,
-94485,
-37343,
-1752,
25470,
-1522,
26106,
25979,
15809,
21393,
146329,
303377,
381085,
641025,
337686,
106796,
-198598,
-243803,
-205222,
-167737,
-112447,
910520,
5393216,
560988,
-2085403,
-781547,
-390732,
-263986,
-70878,
48065,
160300,
239721,
332409,
528871,
738038,
1068513,
1506989,
2074149,
2374554,
1873951,
838681,
-354213,
-1164953,
-1565045,
-1679331,
-1664501,
-1641051,
-1568883,
-1467890,
-1329697,
-1142399,
-932132,
-743520,
-499719,
-292340,
-150581,
-41921,
-20208,
18182,
25432,
21289,
11967,
24815,
27970,
25988,
51347,
155094,
321561,
392105,
672862,
391969,
143894,
-227748,
-241764,
-222512,
-182162,
-125918,
696820,
4935490,
1129550,
-2164496,
-869976,
-416693,
-246375,
-87873,
51355,
152778,
225309,
364344,
512629,
722483,
1042592,
1455255,
1988749,
2344282,
1891659,
899974,
-270843,
-1123445,
-1526354,
-1657180,
-1648992,
-1624677,
-1520567,
-1417088,
-1282710,
-1130307,
-977559,
-765723,
-559279,
-355236,
-183312,
-74976,
-17750,
-7466,
27131,
-2727,
44687,
14840,
32578,
36269,
32211,
76167,
263765,
311776,
585538,
530659,
291855,
-154797,
-181875,
-231062,
-186774,
-118638,
143279,
2551302,
4185036,
-2712396,
-1758121,
-575558,
-126839,
-22147,
101751,
190635,
298091,
404151,
508939,
692418,
941705,
1297658,
1763309,
2281198,
2130686,
1340938,
200349,
-842198,
-1360106,
-1579081,
-1619934,
-1559931,
-1484164,
-1387796,
-1258947,
-1143952,
-1000669,
-804885,
-616799,
-409173,
-218946,
-80550,
-1464,
31124,
39244,
54914,
146084,
190231,
196907,
187226,
159261,
252556,
397169,
423308,
747049,
432588,
180789,
-151235,
-197864,
-221826,
-171317,
-124625,
639171,
5096319,
1266501,
-2433996,
-948942,
-399230,
-231501,
-17721,
70669,
172893,
274706,
346376,
478891,
681529,
978129,
1374007,
1938545,
2289453,
1865996,
908846,
-265780,
-1108231,
-1507096,
-1651953,
-1660417,
-1607897,
-1541730,
-1420248,
-1299517,
-1145661,
-969807,
-772416,
-560090,
-358176,
-187520,
-70018,
-5612,
-1295,
8853,
25156,
16968,
22096,
38255,
27584,
34442,
41168,
123871,
321838,
357319,
662751,
386218,
161922,
-224513,
-227574,
-222685,
-188668,
-101634,
625721,
4740711,
1657642,
-2297688,
-913061,
-408504,
-244427,
-76001,
50369,
140741,
212715,
338660,
488550,
685558,
1013706,
1399670,
1935955,
2335981,
1938195,
985935,
-174611,
-1066454,
-1511593,
-1652384,
-1678952,
-1636486,
-1538295,
-1433008,
-1303163,
-1133256,
-975115,
-785676,
-564909,
-364003,
-185665,
-82495,
-19049,
22019,
19527,
17583,
31523,
19313,
21316,
37454,
40789,
60267,
158865,
306873,
346074,
711799,
399593,
167076,
-191586,
-231787,
-229663,
-171524,
-131553,
519655,
4578088,
1552313,
-2401648,
-1027500,
-384552,
-159584,
20029,
111051,
193877,
290354,
385387,
517174,
720297,
1003781,
1420606,
1947919,
2310055,
1933103,
1000907,
-197467,
-1047301,
-1468357,
-1615350,
-1629358,
-1589103,
-1516908,
-1391490,
-1277823,
-1116077,
-953416,
-779488,
-606289,
-385066,
-205810,
-86557,
-15786,
-11672,
7885,
23642,
7647,
51595,
42177,
50967,
94985,
234394,
309453,
584174,
493613,
267692,
-145735,
-221396,
-258496,
-203192,
-151403,
170411,
2966515,
3861206,
-2975148,
-1724796,
-578187,
-102672,
30325,
115199,
232393,
325845,
398899,
508678,
674514,
933364,
1295304,
1738311,
2236188,
2067333,
1254053,
131933,
-810317,
-1333319,
-1528315,
-1565805,
-1512499,
-1442751,
-1342134,
-1239682,
-1140196,
-976004,
-817712,
-628142,
-423603,
-268418,
-139754,
-60421,
-39601,
-15428,
-21129,
-27655,
-11831,
1455,
5192,
58682,
247876,
305742,
506926,
540971,
274144,
-61957,
-232918,
-266411,
-209466,
-169744,
228531,
3063286,
4194605,
-2736633,
-1493488,
-566120,
-227181,
-106839,
-27791,
82434,
209888,
306244,
435575,
636281,
903978,
1281720,
1797306,
2329812,
2166781,
1378776,
194609,
-823207,
-1377810,
-1624373,
-1664084,
-1644137,
-1577925,
-1481521,
-1364750,
-1207584,
-1021476,
-840157,
-640017,
-409764,
-229911,
-96648,
-31733,
-8028,
18300,
31468,
23916,
43093,
47091,
22482,
49259,
218101,
337786,
492316,
659063,
297615,
10176,
-188531,
-223408,
-201879,
-143611,
-45343,
1607303,
5316515,
-1056093,
-1663855,
-582473,
-204804,
-133760,
-7429,
97873,
222070,
303552,
408547,
600476,
836530,
1178388,
1620987,
2178401,
2251930,
1610211,
496790,
-611372,
-1281866,
-1558716,
-1646088,
-1615209,
-1546146,
-1471395,
-1348941,
-1222532,
-1067847,
-884441,
-681783,
-479560,
-301551,
-144262,
-46265,
-11556,
12252,
42121,
29394,
15468,
41472,
38910,
81324,
280355,
290362,
602884,
514198,
275747,
-156185,
-192455,
-241129,
-202438,
-131836,
198831,
2819198,
3822041,
-2827413,
-1669214,
-516000,
-101603,
37353,
141309,
221211,
325889,
437623,
531671,
732830,
975100,
1330592,
1807977,
2300479,
2096361,
1254877,
71465,
-901019,
-1399555,
-1586500,
-1615297,
-1563458,
-1491072,
-1390552,
-1273764,
-1146710,
-988601,
-820304,
-636631,
-425916,
-240419,
-111681,
-26524,
-2770,
1019,
8790,
26907,
60903,
246297,
276746,
591921,
431785,
230836,
-204547,
-220688,
-246450,
-225706,
-153535,
340920,
3967153,
2678259,
-3061079,
-1470016,
-492874,
-154630,
-6582,
116292,
199861,
279239,
416664,
542529,
736593,
1017346,
1375453,
1865519,
2341408,
1985475,
1039228,
-127996,
-1010352,
-1438457,
-1579162,
-1589499,
-1541010,
-1465801,
-1372129,
-1244208,
-1110402,
-937473,
-746065,
-548637,
-375587,
-179744,
-82724,
-21869,
10334,
4433,
-6445,
1892,
3462,
166927,
298534,
417296,
598075,
300047,
19465,
-222631,
-265955,
-249967,
-198617,
-94744,
1332900,
5560001,
-482443,
-1874961,
-634010,
-264346,
-218132,
-44954,
80150,
181047,
287914,
403202,
567653,
835680,
1161976,
1619344,
2217918,
2344236,
1690247,
562969,
-594782,
-1280030,
-1571321,
-1647613,
-1643547,
-1586862,
-1506086,
-1391672,
-1235282,
-1072065,
-876058,
-657031,
-457773,
-253378,
-104577,
-20875,
23501,
30816,
35529,
41492,
42392,
48473,
130553,
313240,
358773,
686816,
390562,
173003,
-221176,
-254659,
-238409,
-205319,
-144092,
564605,
4434595,
1897144,
-2517787,
-1003601,
-409106,
-178278,
-18066,
92389,
193565,
286348,
378201,
543821,
749972,
1047441,
1474486,
2001470,
2375411,
1987477,
954541,
-278725,
-1089242,
-1499244,
-1627178,
-1624065,
-1600584,
-1519753,
-1390592,
-1271661,
-1117297,
-911911,
-729694,
-530437,
-310886,
-148309,
-38871,
7294,
27328,
37753,
48577,
49755,
59582,
56382,
40079,
76046,
246013,
306809,
521200,
625020,
333113,
-33723,
-203142,
-225116,
-190211,
-145200,
-76638,
1344703,
5488180,
-950338,
-2137068,
-657227,
-156297,
-47829,
84607,
226560,
309131,
373524,
483482,
665847,
888035,
1231944,
1654424,
2190717,
2281041,
1602798,
449998,
-625569,
-1281710,
-1556864,
-1598732,
-1570452,
-1531445,
-1404094,
-1295807,
-1171688,
-1018570,
-852204,
-666903,
-463181,
-287939,
-150600,
-42400,
-19562,
-4052,
-9771,
-5889,
-9823,
-9073,
2836,
5673,
127547,
265411,
360176,
629426,
328530,
114768,
-204467,
-246737,
-234599,
-213077,
-145753,
666015,
4913367,
1387285,
-2542497,
-957779,
-406487,
-211806,
-58561,
85467,
192090,
269076,
375158,
539187,
730598,
1061065,
1489076,
2042053,
2434297,
1980219,
933609,
-270436,
-1121738,
-1538663,
-1641279,
-1643200,
-1639672,
-1556516,
-1428492,
-1305869,
-1133756,
-955519,
-768767,
-524990,
-313439,
-160933,
-48356,
-6673,
12327,
15938,
27162,
19928,
24304,
22325,
32495,
42669,
55074,
62551,
134360,
300443,
340463,
662682,
437619,
250356,
-177467,
-240944,
-237183,
-199163,
-154522,
381265,
3565803,
3394506,
-2789184,
-1323094,
-504844,
-176322,
-53796,
36155,
154900,
238883,
354237,
480421,
681721,
961380,
1370584,
1873659,
2375604,
2150743,
1254601,
41970,
-941313,
-1460154,
-1645888,
-1676746,
-1660938,
-1586711,
-1466184,
-1364563,
-1198873,
-1018962,
-834087,
-616284,
-390570,
-214254,
-83950,
-22923,
-12913,
8036,
19111,
28105,
26003,
32656,
39106,
31904,
45025,
54760,
61731,
69954,
107396,
256858,
337999,
584300,
580634,
315219,
-78313,
-183710,
-205484,
-174465,
-117264,
15977,
1764474,
5054125,
-1683264,
-1882047,
-593406,
-140568,
-54391,
50319,
166605,
284683,
348396,
473359,
660955,
934948,
1286705,
1748615,
2281882,
2331103,
1638351,
470423,
-630256,
-1298019,
-1574194,
-1640092,
-1627001,
-1578603,
-1471672,
-1337562,
-1232300,
-1087177,
-901168,
-713725,
-509032,
-309447,
-177497,
-77716,
-31233,
-14995,
2176,
-537,
4177,
7932,
13227,
28456,
32968,
33249,
64264,
200449,
284408,
448924,
593016,
281898,
-39469,
-224210,
-251876,
-214657,
-175927,
-69619,
1647778,
5477295,
-1329730,
-2036097,
-641895,
-211330,
-132263,
-16044,
103266,
204703,
277031,
378141,
535144,
768520,
1101062,
1557030,
2142701,
2237074,
1611205,
480995,
-616641,
-1289047,
-1579395,
-1643170,
-1616068,
-1559855,
-1477797,
-1367421,
-1243302,
-1094036,
-901756,
-711449,
-510604,
-304133,
-158555,
-64806,
-29259,
-10971,
-12302,
1642,
-3054,
5215,
13309,
13776,
47395,
39861,
40171,
109767,
292464,
328034,
664972,
442586,
254579,
-162190,
-231049,
-235252,
-188787,
-145585,
486615,
4172762,
2558289,
-2677040,
-1096793,
-475154,
-223306,
-64693,
34160,
134270,
232298,
328813,
477487,
686210,
975783,
1402167,
1915114,
2373397,
2103526,
1219226,
7366,
-951400,
-1473426,
-1670073,
-1689821,
-1656610,
-1581393,
-1475874,
-1338451,
-1194359,
-1007839,
-801839,
-588063,
-371763,
-204466,
-70872,
-16453,
12573,
33132,
15902,
25222,
38412,
35368,
27334,
55412,
46461,
52087,
74120,
160231,
304779,
376388,
686371,
404025,
218754,
-207247,
-215577,
-208641,
-188457,
-124271,
588659,
4761752,
1250844,
-2373421,
-961079,
-335417,
-129900,
27806,
147147,
245573,
312741,
431888,
590956,
769604,
1100458,
1508637,
1994490,
2388491,
1963442,
1018776,
-112922,
-995313,
-1461408,
-1586923,
-1610705,
-1573416,
-1443054,
-1351754,
-1227692,
-1093291,
-928393,
-747435,
-543638,
-373123,
-181970,
-82906,
-11114,
7855,
17194,
-6843,
6692,
-16028,
-5371,
15764,
26165,
75081,
219951,
282765,
559043,
508748,
285501,
-153938,
-191754,
-250362,
-217451,
-137820,
224985,
3253549,
3499104,
-3047297,
-1659289,
-546363,
-143099,
-21002,
88229,
173821,
279332,
375803,
453965,
638761,
913923,
1262725,
1752229,
2265507,
2038824,
1214764,
76967,
-892486,
-1396947,
-1579795,
-1628183,
-1573346,
-1494326,
-1387924,
-1254974,
-1132724,
-990262,
-787430,
-586501,
-386742,
-198620,
-88293,
-30424,
-489,
-2907,
5659,
12578,
-8622,
322,
2441,
-12550,
25003,
139534,
296251,
393165,
628894,
317183,
96836,
-223672,
-260161,
-228838,
-184830,
-108914,
1117136,
5504975,
-61755,
-1880273,
-666911,
-290597,
-207495,
-60110,
76030,
189647,
268818,
371683,
541781,
759917,
1103613,
1554933,
2139411,
2398565,
1840841,
774948,
-397063,
-1191334,
-1582229,
-1691116,
-1688444,
-1653639,
-1574477,
-1443209,
-1312877,
-1130578,
-956495,
-749197,
-528732,
-315873,
-153280,
-47218,
-1453,
19790,
31233,
21599,
28757,
31844,
5902,
25829,
48144,
29022,
20453,
149876,
293018,
389672,
686366,
349063,
122866,
-229279,
-234467,
-228178,
-174790,
-132905,
786076,
5110200,
587439,
-2040057,
-769884,
-333623,
-187372,
-38944,
84587,
196865,
266594,
372233,
544965,
745036,
1064799,
1501500,
2062400,
2397562,
1925819,
899540,
-288437,
-1120533,
-1536360,
-1654572,
-1675625,
-1610204,
-1544006,
-1419476,
-1297962,
-1128327,
-947548,
-729601,
-519892,
-312386,
-151418,
-52130,
11161,
22785,
32464,
32971,
41041,
55678,
30429,
55717,
48361,
34193,
153134,
292137,
377831,
656107,
391423,
125984,
-194816,
-220230,
-231765,
-194464,
-131960,
510571,
4801056,
1289701,
-2601385,
-1077208,
-332383,
-119491,
66796,
176235,
247129,
350164,
450481,
570067,
788898,
1093790,
1480550,
1997349,
2345239,
1914509,
923451,
-263446,
-1104925,
-1512425,
-1644554,
-1634135,
-1581818,
-1492430,
-1381673,
-1254871,
-1108574,
-925124,
-746937,
-548687,
-353576,
-178065,
-71812,
-8634,
9901,
15830,
16590,
23155,
24410,
41748,
32899,
76620,
271077,
309193,
627178,
429724,
232534,
-214540,
-240434,
-263728,
-223910,
-142892,
470576,
4261378,
2550228,
-2882248,
-1231410,
-480104,
-248483,
-88673,
34084,
113569,
230300,
337547,
458159,
663098,
968793,
1348662,
1901494,
2379988,
2074001,
1147929,
-70906,
-1016164,
-1480021,
-1654309,
-1677552,
-1652354,
-1562871,
-1463262,
-1325143,
-1167249,
-988816,
-772822,
-567310,
-348417,
-173937,
-69222,
-280,
22939,
12679,
10353,
-11487,
-14304,
-3880,
1318,
-11574,
15472,
29742,
214185,
347968,
516900,
587919,
308792,
-45468,
-224410,
-237998,
-202640,
-150085,
89908,
2167063,
4896791,
-1934963,
-1650141,
-571350,
-179282,
-127910,
5982,
120300,
229362,
328418,
446979,
610217,
873577,
1236552,
1695899,
2287058,
2268932,
1556972,
403427,
-695050,
-1341691,
-1602970,
-1681694,
-1659142,
-1584367,
-1500251,
-1358589,
-1206254,
-1057914,
-858249,
-646846,
-452642,
-247019,
-97939,
-32242,
22344,
35899,
31833,
37703,
23853,
29210,
42419,
35331,
25709,
76022,
183131,
308746,
426043,
692320,
367217,
143133,
-202400,
-231890,
-219324,
-182863,
-111484,
688246,
4896815,
822673,
-2232587,
-851937,
-311178,
-149294,
19238,
127704,
217212,
315348,
412496,
550886,
748430,
1063698,
1490629,
2022763,
2374139,
1928564,
915883,
-265391,
-1110807,
-1521187,
-1637121,
-1650087,
-1579476,
-1497440,
-1382449,
-1273748,
-1123106,
-955447,
-747829,
-541919,
-348438,
-168596,
-41421,
5385,
32771,
40553,
26863,
50330,
65992,
33261,
52870,
62342,
183708,
305999,
423402,
620684,
340649,
24890,
-213903,
-221320,
-203738,
-147939,
-93955,
1220835,
5661446,
-654393,
-2335119,
-713414,
-167046,
-71474,
91991,
189429,
280618,
362908,
478182,
612226,
843794,
1175665,
1582826,
2139317,
2279676,
1651666,
574211,
-551041,
-1250071,
-1553797,
-1642835,
-1605474,
-1524033,
-1441063,
-1330460,
-1205525,
-1067504,
-891572,
-696814,
-517390,
-312945,
-155324,
-66467,
-10862,
4347,
-14115,
-7075,
22133,
2416,
15103,
76967,
269832,
316421,
585870,
437451,
258615,
-137579,
-235048,
-226157,
-200415,
-153374,
497809,
4187531,
2809730,
-2911096,
-1189710,
-504883,
-230459,
-79498,
20013,
127738,
211388,
332065,
473790,
668310,
977980,
1389572,
1905072,
2430728,
2105280,
1173342,
-37113,
-1001443,
-1514043,
-1684741,
-1707786,
-1686316,
-1604347,
-1511308,
-1375687,
-1210181,
-1029891,
-822361,
-598345,
-374785,
-200280,
-53781,
5939,
46176,
52989,
45124,
49893,
57422,
41378,
35136,
50607,
177388,
338565,
444649,
642003,
324921,
52677,
-238563,
-240730,
-232901,
-203242,
-105766,
1063318,
5405182,
37187,
-1855062,
-657715,
-273457,
-184115,
-15544,
125703,
208891,
292072,
417588,
566762,
806393,
1142058,
1566536,
2130535,
2365009,
1800331,
714482,
-464464,
-1246007,
-1584413,
-1689680,
-1686312,
-1622802,
-1544927,
-1430250,
-1281745,
-1136288,
-951547,
-725972,
-524617,
-320306,
-137297,
-59042,
-3079,
41993,
31951,
39279,
68223,
42687,
45888,
90875,
72517,
101587,
261900,
340067,
499028,
668432,
321242,
-4869,
-203583,
-224164,
-200078,
-125399,
-27597,
1588928,
5269351,
-1436981,
-1982650,
-603096,
-125203,
-42644,
77076,
211259,
312655,
387635,
501961,
675736,
900375,
1254206,
1704247,
2281698,
2349344,
1657498,
501914,
-596806,
-1249496,
-1544919,
-1621176,
-1591341,
-1534207,
-1431222,
-1318711,
-1203871,
-1055484,
-877511,
-691816,
-464541,
-273061,
-140457,
-26681,
-3787,
13782,
28768,
26452,
9039,
27842,
28443,
35688,
181395,
285486,
394677,
617262,
313010,
19050,
-201847,
-242616,
-249332,
-225821,
-185975,
1164485,
5671162,
-416834,
-2244093,
-760882,
-305257,
-191287,
-31702,
93465,
208163,
291665,
402767,
556897,
769372,
1091733,
1501409,
2107406,
2299437,
1743574,
642871,
-478330,
-1195909,
-1540105,
-1588098,
-1584198,
-1540618,
-1455566,
-1330306,
-1205523,
-1036398,
-869549,
-685857,
-465363,
-272282,
-134674,
-18293,
10359,
9933,
31255,
21540,
25885,
29445,
32856,
24057,
37806,
60397,
195342,
351712,
442741,
611463,
298222,
10121,
-208933,
-240306,
-239247,
-192711,
-72132,
1395821,
5557700,
-510859,
-1817184,
-633031,
-260808,
-207008,
-46733,
84538,
177871,
277986,
388406,
559389,
800856,
1133808,
1589581,
2191102,
2349666,
1726091,
669508,
-522463,
-1266651,
-1584320,
-1689795,
-1682789,
-1602489,
-1552539,
-1417671,
-1274550,
-1116109,
-916847,
-673281,
-481651,
-268642,
-108482,
-31944,
27728,
45215,
43354,
54690,
45359,
38008,
47716,
49497,
45540,
53006,
51524,
114392,
307645,
336714,
639781,
426144,
231455,
-219477,
-240502,
-238938,
-210093,
-142192,
368596,
3549424,
3202004,
-2805962,
-1328131,
-479925,
-165556,
-15753,
66613,
154492,
268836,
353067,
481806,
680253,
940566,
1328654,
1853182,
2349299,
2117663,
1282245,
61786,
-919637,
-1436254,
-1643199,
-1665658,
-1590171,
-1548430,
-1464217,
-1316230,
-1185303,
-1020686,
-793008,
-617452,
-405505,
-204732,
-102556,
-7488,
39222,
-222,
43338,
43610,
36558,
48884,
54525,
41291,
59856,
69590,
68366,
201194,
307173,
414276,
634107,
341170,
46513,
-150475,
-184160,
-173102,
-121134,
-80119,
728135,
5277093,
774491,
-2389293,
-834305,
-223724,
-37764,
131165,
236655,
329356,
391379,
458140,
618529,
805941,
1081451,
1486737,
1980828,
2271416,
1811541,
794148,
-361966,
-1142261,
-1533247,
-1653019,
-1625700,
-1561672,
-1484333,
-1359694,
-1249357,
-1113612,
-926414,
-765116,
-578947,
-365154,
-210502,
-106934,
-60283,
-61433,
-40959,
-47495,
-30317,
-18805,
-3444,
-15714,
4573,
15955,
8397,
200000,
331319,
430548,
596206,
254484,
-6980,
-201377,
-242593,
-219762,
-173859,
-94084,
1185449,
5605189,
-83451,
-1844382,
-647640,
-299741,
-196713,
-65288,
58363,
177987,
241568,
343586,
521378,
744552,
1077288,
1534076,
2125763,
2366368,
1846562,
791525,
-413939,
-1198833,
-1598743,
-1724412,
-1698498,
-1667423,
-1594774,
-1451681,
-1331564,
-1162712,
-956893,
-752544,
-543341,
-322237,
-162531,
-51349,
-2418,
9704,
25662,
20982,
15229,
40592,
47089,
34429,
45486,
48087,
48623,
124201,
309678,
343640,
651293,
396499,
170921,
-135989,
-226384,
-222577,
-176382,
-130317,
357827,
3376927,
3605359,
-2696088,
-1312257,
-504054,
-169714,
-43496,
33233,
120184,
225680,
313083,
458523,
630499,
896485,
1303304,
1765350,
2269201,
2127128,
1313469,
137766,
-852423,
-1408061,
-1637666,
-1656601,
-1632333,
-1567894,
-1447942,
-1318190,
-1182689,
-998698,
-808927,
-606714,
-381323,
-207320,
-75860,
543,
19078,
48853,
41643,
39597,
37784,
43981,
45337,
51423,
57754,
65115,
117212,
273363,
329105,
636366,
482746,
208600,
-34676,
-168842,
-153416,
-97053,
-80423,
179707,
2456638,
4482898,
-2532310,
-1745997,
-559322,
-118598,
-6438,
60529,
184870,
283922,
337583,
462737,
651971,
903355,
1270341,
1728534,
2272731,
2195436,
1447443,
266502,
-745380,
-1363134,
-1613227,
-1624338,
-1608723,
-1549741,
-1426945,
-1332853,
-1212773,
-1030931,
-882650,
-682725,
-453414,
-264937,
-120847,
-18864,
3008,
12977,
20217,
14905,
47418,
33051,
27957,
37474,
195501,
308477,
475783,
598524,
280182,
5979,
-191033,
-283861,
-207003,
-199063,
-49724,
1773326,
5766145,
-1114952,
-2027371,
-730778,
-149665,
-41657,
-92998,
-5929,
52524,
325516,
519095,
402604,
831327,
1146800,
1376212,
2211462,
2132421,
1741900,
448459,
-824774,
-1363051,
-1648932,
-1823110,
-1930981,
-1545305,
-1520525,
-1494822,
-1408456,
-1120585,
-890770,
-851726,
-308232,
-790835,
-276232,
-228108,
52935,
-15378,
-323404,
19055,
1601,
249824,
-251520,
162128,
-156152,
202721,
198578,
514443,
672249,
-149858,
-596692,
-53040,
-471947,
-165656,
-362411,
1197533,
5571563,
807614,
-1767237,
-983688,
-369072,
-533411,
-294532,
-380934,
-74095,
176787,
783505,
264352,
493099,
817234,
1475166,
2496735,
2422801,
1919319,
1007945,
159605,
-1183473,
-1459121,
-1855081,
-1525030,
-1745932,
-1063128,
-1703672,
-1085730,
-787192,
-593056,
-779151,
-647479,
-211242,
246415,
-145704,
-18391,
-118204,
-88541,
201944,
93383,
-17189,
174012,
236316,
329799,
410614,
628991,
376926,
51307,
-210672,
-241489,
-373656,
-213479,
328712,
2268787,
4870962,
-1948408,
-1527205,
-773727,
-55462,
-23393,
-26890,
127127,
59135,
208587,
322189,
276043,
944680,
1141501,
1583622,
2382432,
2166102,
1300634,
426733,
-903709,
-1190535,
-1562630,
-1540568,
-1485353,
-1407154,
-1370315,
-1405351,
-907962,
-851076,
-1037261,
-609132,
-221412,
-123227,
24203,
-326845,
244786,
-181199,
54151,
-68846,
41478,
-58773,
151194,
428326,
711345,
76216,
178781,
-253846,
207176,
-122380,
-108988,
-394643,
569451,
4929819,
