646935,
579834,
514741,
408598,
217191,
116636,
-203295,
35562,
323126,
442360,
424671,
358935,
265686,
78717,
-1717827,
-3493939,
2913361,
2329592,
133084,
-307829,
-364031,
-457105,
-531027,
-650968,
-707566,
-826169,
-978474,
-1226559,
-1519266,
-1909155,
-2394739,
-2383792,
-1813488,
-952704,
123806,
1039651,
1532277,
1716343,
1759888,
1708629,
1632276,
1540172,
1415391,
1269920,
1111285,
919402,
715351,
523745,
348606,
223247,
155748,
121232,
96978,
83560,
57911,
45518,
38737,
22610,
694,
-9665,
-58853,
-48518,
-69010,
-153865,
-274427,
-380757,
-619721,
-317780,
23665,
136030,
172928,
151374,
82462,
-129402,
-2181643,
-3157397,
3573328,
2139216,
122827,
-384629,
-455201,
-517805,
-615780,
-691139,
-771087,
-886159,
-1041342,
-1285610,
-1587403,
-1981635,
-2445341,
-2365508,
-1741755,
-827352,
220037,
1056163,
1509650,
1667734,
1690552,
1626731,
1574709,
1476407,
1349029,
1232044,
1047807,
879998,
673836,
488940,
313719,
199753,
141963,
107071,
93499,
82268,
72785,
34802,
28322,
18226,
-11802,
-26804,
-26584,
-57533,
-55124,
-66364,
-99434,
-257232,
-288593,
-592346,
-410712,
-113475,
174915,
202788,
205930,
162324,
76209,
-831351,
-4249469,
494929,
3467507,
447803,
-58603,
-201684,
-371530,
-495348,
-551377,
-628866,
-741576,
-882552,
-1086578,
-1390610,
-1736270,
-2235330,
-2513424,
-2089062,
-1341750,
-296117,
699929,
1380357,
1682198,
1768230,
1747173,
1687043,
1598893,
1476098,
1338373,
1174083,
1000397,
776243,
576201,
372586,
237388,
155162,
110531,
89549,
90777,
73832,
60981,
61721,
58604,
35079,
14998,
5564,
-8907,
-28083,
-48103,
-41916,
-157257,
-275616,
-387471,
-579792,
-231903,
63848,
180807,
216142,
173915,
116175,
-53587,
-1980197,
-3749168,
2736754,
2260707,
127474,
-281222,
-319526,
-399294,
-500502,
-600049,
-672402,
-792860,
-956826,
-1203399,
-1520388,
-1890943,
-2421753,
-2427159,
-1841508,
-968580,
142140,
1062726,
1558572,
1753039,
1788197,
1738372,
1674207,
1559618,
1439745,
1279543,
1111349,
901031,
685403,
481825,
309881,
199696,
137566,
108479,
97842,
78556,
71827,
57595,
42528,
32575,
17228,
8403,
-10903,
-16357,
-35888,
-57901,
-130620,
-239025,
-396993,
-432184,
-105562,
42471,
196575,
170890,
139669,
86483,
-387856,
-3091262,
-2034202,
4187656,
1470391,
118121,
-278875,
-392055,
-460964,
-519922,
-601345,
-694778,
-834272,
-1009213,
-1284654,
-1627507,
-2065442,
-2526227,
-2330147,
-1636372,
-601624,
517351,
1306085,
1671987,
1794488,
1778115,
1726813,
1627549,
1516969,
1366206,
1194659,
1016601,
814284,
597318,
402940,
234788,
152914,
93851,
80049,
71920,
55669,
45651,
38803,
24571,
8856,
-10623,
-24487,
-81030,
-184583,
-268470,
-548108,
-276683,
-92963,
143011,
188013,
159527,
98271,
30251,
-906508,
-4272721,
718836,
3540651,
459716,
-142306,
-288143,
-464331,
-565829,
-614420,
-683244,
-782606,
-899645,
-1112106,
-1400472,
-1782414,
-2286963,
-2559410,
-2117481,
-1280065,
-137479,
887798,
1487848,
1715872,
1768016,
1748135,
1678484,
1565469,
1428693,
1286662,
1118697,
911350,
721706,
498043,
324117,
193926,
111083,
90341,
77737,
57456,
48691,
39551,
51092,
35039,
18530,
8332,
-25755,
-49839,
-131606,
-253966,
-369501,
-462111,
-98559,
5218,
171928,
186821,
158012,
81983,
-178574,
-2472089,
-3233533,
3438601,
2016495,
126962,
-328434,
-385635,
-452208,
-514565,
-605005,
-691444,
-810330,
-986291,
-1238024,
-1571402,
-2016088,
-2530209,
-2475831,
-1791887,
-781168,
402205,
1242942,
1661216,
1776035,
1796080,
1744497,
1662902,
1531580,
1392755,
1220009,
1044986,
844035,
623232,
429296,
261857,
157091,
109087,
91606,
82270,
72582,
66216,
48465,
46741,
23832,
10341,
-16544,
-17616,
-54273,
-173782,
-228850,
-469411,
-373531,
-90641,
81393,
188483,
162314,
135457,
67258,
-353249,
-3036725,
-2587158,
4029237,
1665318,
116817,
-306022,
-410364,
-470593,
-531341,
-605390,
-698791,
-813444,
-997644,
-1260291,
-1597279,
-2076652,
-2545987,
-2411515,
-1678666,
-610086,
534142,
1334425,
1712046,
1799676,
1820391,
1739444,
1644709,
1546710,
1383004,
1207352,
1042898,
826178,
602160,
405139,
238080,
140294,
112129,
90666,
83711,
62517,
65393,
47537,
54425,
52797,
13097,
6792,
-2829,
-15323,
-47407,
-177148,
-236029,
-503422,
-371575,
-107445,
144723,
197437,
187104,
152354,
98636,
-89727,
-2020104,
-3569989,
3069248,
2527354,
178785,
-348165,
-429047,
-495815,
-587030,
-655639,
-722448,
-842071,
-1008038,
-1246287,
-1575709,
-1987164,
-2532685,
-2527083,
-1918125,
-925549,
284116,
1190201,
1621905,
1775996,
1787702,
1735804,
1654411,
1555907,
1413352,
1260982,
1069532,
890006,
678763,
466051,
301451,
172978,
122365,
105811,
87097,
69411,
56556,
50813,
34008,
23374,
5268,
-909,
-29129,
-37931,
-53737,
-69863,
-89319,
-227100,
-262015,
-548219,
-361216,
-113000,
134928,
193831,
181456,
149582,
80875,
-126508,
-2182360,
-3614614,
2955015,
2458858,
163678,
-331092,
-366934,
-454388,
-543448,
-616275,
-697007,
-799895,
-968246,
-1212125,
-1538419,
-1980876,
-2521353,
-2551747,
-1961404,
-974928,
234632,
1163554,
1667673,
1839185,
1851440,
1804250,
1736284,
1620058,
1506301,
1336949,
1138044,
939458,
709693,
483058,
304942,
179481,
127429,
107551,
100557,
72832,
68123,
48227,
51375,
46702,
4232,
-1449,
-20326,
-43192,
-51134,
-76383,
-172450,
-278762,
-382759,
-581648,
-234580,
-14397,
165366,
201929,
179843,
124904,
63642,
-714525,
-3885722,
-991143,
4309513,
1164052,
38222,
-280810,
-479974,
-541125,
-592985,
-666290,
-749001,
-880470,
-1081732,
-1357533,
-1715469,
-2244245,
-2665248,
-2387354,
-1604784,
-504009,
676415,
1426857,
1754607,
1844008,
1827200,
1769786,
1686116,
1562171,
1414694,
1234371,
1047568,
820238,
598497,
395130,
230939,
147075,
95929,
83366,
71399,
63993,
29664,
8912,
-6346,
-14982,
-21376,
-39921,
-43130,
-47798,
-61278,
-65539,
-81379,
-94973,
-255362,
-267932,
-552088,
-349852,
-94918,
121481,
204758,
192048,
158626,
100963,
-151299,
-2514826,
-3708705,
2997955,
2405676,
177906,
-289867,
-368499,
-423787,
-517559,
-600491,
-667210,
-802179,
-982173,
-1239866,
-1564607,
-2026693,
-2588426,
-2637221,
-2019278,
-1068146,
158761,
1149995,
1668999,
1863993,
1894578,
1868117,
1780819,
1672598,
1536107,
1380213,
1167020,
946993,
722775,
493861,
310034,
171460,
131912,
107783,
80344,
73082,
69827,
48444,
28062,
21686,
12371,
-836,
-15133,
-18651,
-44462,
-57182,
-57861,
-61471,
-68495,
-229606,
-272751,
-470232,
-440866,
-141984,
53174,
177891,
178558,
162013,
88704,
-22325,
-1734552,
-4313827,
1943073,
2875889,
221053,
-242332,
-280911,
-384849,
-494292,
-580530,
-629677,
-747740,
-918219,
-1142934,
-1451162,
-1860443,
-2436377,
-2626186,
-2123197,
-1271768,
-82193,
993040,
1621179,
1862252,
1915161,
1884586,
1797791,
1716503,
1591840,
1447289,
1261574,
1032520,
804090,
568123,
388213,
237637,
150012,
117146,
93252,
109584,
68422,
81144,
35462,
44009,
21484,
27769,
3644,
-33733,
-5446,
-29857,
-35604,
-24960,
-184026,
-251750,
-428472,
-521072,
-170327,
57025,
195030,
221006,
207309,
112132,
-28962,
-1832788,
-3614456,
2683994,
2402705,
147149,
-313614,
-361140,
-459018,
-563387,
-610685,
-705325,
-807188,
-970654,
-1211301,
-1515797,
-1958884,
-2595183,
-2563178,
-2082134,
-1172897,
22476,
1067008,
1622520,
1831530,
1874998,
1859129,
1757625,
1682810,
1531954,
1396582,
1222875,
1001675,
851033,
653321,
437371,
214852,
116385,
-41443,
192728,
160901,
55956,
34834,
51564,
42151,
-6323,
-64285,
-153009,
-14025,
-70038,
-80047,
-178084,
-370245,
-424796,
-647393,
-100867,
-259582,
356132,
199256,
-99953,
341873,
172201,
-1428107,
-3786812,
3009637,
3024688,
98413,
-188151,
-371797,
-223022,
-754644,
-671815,
-805351,
-1230409,
-1241731,
-1130073,
-1764233,
-1843956,
-2676882,
-2578238,
-2054719,
-1389087,
6059,
870855,
1290069,
2094360,
1581570,
1678144,
1875799,
1494686,
1521985,
1771555,
1197176,
1255809,
598157,
871726,
526899,
503166,
-51770,
11440,
-113172,
107848,
-228745,
-479881,
-145117,
-235051,
-229586,
-278390,
-353654,
-453822,
-578333,
-552178,
-764866,
-434327,
-52771,
-203181,
372548,
97359,
-218449,
-1071461,
-3791383,
1031158,
4986127,
891708,
-585323,
-1511487,
-1006447,
-508433,
-1097786,
-922344,
-1162121,
-1275305,
-805122,
-1560787,
-2015513,
-2512479,
-2828289,
-1954320,
-1247462,
-414523,
335647,
1507427,
1727661,
1626246,
1674850,
1721851,
1319254,
1679252,
1331008,
1150198,
1055717,
522684,
239748,
786387,
105758,
152830,
-373270,
-259112,
122426,
184111,
-308400,
-31928,
200639,
-137224,
-24728,
-6586,
-312729,
-542171,
-363736,
-238088,
116775,
151742,
401153,
295737,
-28736,
164131,
-1004091,
-3561073,
2906823,
3105223,
427306,
-396102,
-499836,
-581230,
-972626,
-896878,
-936770,
-835558,
-1153352,
-1582667,
-1932582,
-2255670,
-2952224,
-2511512,
-2105345,
-1152056,
-38870,
1524544,
1991772,
2052383,
1779290,
1949848,
1891508,
1513751,
1722064,
1503739,
1018051,
736494,
761483,
772805,
423968,
295306,
297445,
-165510,
114394,
342733,
-108164,
62018,
-104032,
61592,
15666,
-94345,
-562184,
-107812,
-73626,
-40897,
416122,
519559,
339367,
181658,
-923838,
-4033592,
1781837,
4414545,
417903,
-122087,
-466703,
-340316,
-494881,
-722801,
-610915,
-814887,
-1026830,
-1471603,
-1561522,
-1810864,
-2555620,
-2572794,
-2194526,
-1341547,
-404,
846686,
1441644,
1802494,
2002048,
1874477,
1977365,
1590518,
1442897,
1389991,
1354663,
1013303,
835062,
515521,
663872,
123723,
202468,
197472,
113983,
176740,
234269,
-311464,
-126375,
-627582,
-109691,
-87146,
284503,
154711,
238232,
337474,
427417,
-1241261,
-4445814,
2240944,
3742894,
439407,
-268651,
-319204,
-570446,
-684553,
-745329,
-685605,
-903822,
-1350732,
-1167875,
-1527213,
-2104806,
-2747290,
-2728429,
-2056631,
-1043001,
75656,
1094018,
1650914,
1806965,
1793691,
1902654,
1798696,
1394870,
1648962,
1215365,
1177599,
963444,
847124,
255724,
439490,
186428,
127507,
95994,
81024,
-185283,
-355621,
-607771,
-349616,
-48477,
235170,
114138,
372113,
269894,
68230,
-1120597,
-4539620,
2551520,
3667034,
333346,
-328743,
-447577,
-530907,
-722582,
-681503,
-816429,
-811799,
-1208631,
-1310383,
-1543645,
-2086156,
-2534625,
-2586525,
-2040151,
-1105323,
-62151,
1201100,
1503949,
1850836,
1744243,
1721593,
1682075,
1465483,
1416521,
1462635,
908745,
1025658,
526013,
616966,
233368,
284802,
168199,
171237,
352,
-87740,
-407174,
-223804,
-591233,
-207061,
22632,
262053,
349854,
98911,
312231,
-400813,
-3394485,
-2278443,
5577421,
1348960,
79593,
-443520,
-726339,
-508503,
-837522,
-777893,
-1129518,
-908958,
-1318937,
-1541654,
-1826350,
-2150793,
-2554333,
-2255479,
-1378477,
-473505,
642146,
1439986,
1690091,
1802459,
1700732,
1633725,
1474421,
1605665,
1314387,
1074786,
999214,
804564,
862653,
415671,
261951,
79264,
291398,
68764,
142594,
-61663,
-270081,
-137643,
-601814,
-614102,
-138583,
269678,
448537,
71438,
234093,
52154,
-1936800,
-4054056,
3615085,
2853167,
207010,
-346605,
-400059,
-474576,
-718918,
-938136,
-712720,
-1164001,
-1240319,
-1329564,
-1842248,
-2181571,
-2607716,
-2344917,
-1827751,
-631841,
355092,
1292334,
1655546,
1710996,
1708070,
1865484,
1541233,
1635422,
1379812,
1251568,
1000822,
826149,
698019,
416459,
345087,
186684,
9531,
153015,
144387,
130559,
-24641,
-493812,
-406668,
-264971,
-107254,
210413,
143301,
358115,
123253,
1184,
-2116741,
-4241804,
3621559,
2938786,
138359,
-412835,
-546687,
-492498,
-656115,
-844436,
-890302,
-968604,
-1214765,
-1460298,
-1713459,
-2014669,
-2567903,
-2534864,
-1631937,
-694473,
349818,
1159245,
1746148,
1743904,
1837876,
1786186,
1586782,
1381221,
1384579,
1286516,
1069556,
813252,
618890,
716742,
165722,
85637,
51861,
106241,
97546,
76033,
-22056,
-364937,
-358851,
-529555,
-102440,
173515,
219120,
321455,
160989,
55294,
-1977099,
-4215279,
3567835,
2899853,
-26930,
-560803,
-602541,
-435141,
-577387,
-1020622,
-1036991,
-1008966,
-1368227,
-1564200,
-1738334,
-2064137,
-2551014,
-2633650,
-1665416,
-676007,
502612,
1314856,
1789171,
1905761,
1836096,
1780228,
1366322,
1517371,
1162216,
1287194,
1052878,
723642,
611958,
198492,
363576,
96896,
140513,
73071,
-22727,
237850,
49167,
-215548,
-442580,
-305850,
-238718,
-34637,
225233,
176424,
240250,
160830,
-552124,
-3902214,
-1575014,
5384141,
1167117,
-193034,
-326513,
-480793,
-704586,
-660359,
-934869,
-735691,
-1201265,
-1322245,
-1399177,
-1849157,
-2242904,
-2677348,
-2198330,
-1322749,
-199801,
672258,
1629213,
1796736,
1747962,
1596725,
1707553,
1417399,
1531114,
1443872,
1117624,
942221,
833120,
626771,
453715,
262012,
106404,
234686,
73776,
28889,
55750,
-16895,
47961,
-459446,
-257580,
-382721,
-319804,
312066,
111303,
135369,
106346,
-208929,
-2800474,
-3164816,
4722312,
1857570,
-107225,
-479784,
-487670,
-676994,
-602705,
-931766,
-966259,
-955785,
-1148187,
-1551193,
-1843961,
-2138752,
-2553532,
-2310453,
-1504287,
-412259,
761121,
1539711,
1811880,
1834067,
1661837,
1764156,
1625793,
1540018,
1284049,
947461,
1147863,
880663,
572886,
487522,
287041,
343033,
252644,
39663,
-85443,
199520,
153585,
12944,
27739,
-620669,
-232621,
-364626,
5328,
135127,
98239,
173397,
192147,
-933220,
-4712708,
1003750,
4404314,
453105,
-243072,
-506201,
-456727,
-472556,
-745659,
-791821,
-1122946,
-1129176,
-1264398,
-1536404,
-1839288,
-2464195,
-2928106,
-1965945,
-993867,
53032,
1065340,
1674305,
1898549,
1835377,
1709931,
1612107,
1534596,
1481609,
1302290,
1079402,
853896,
866196,
547217,
255607,
157224,
357462,
213648,
119374,
-31562,
167520,
72109,
21665,
-67163,
-542379,
-217760,
-413926,
-258946,
92238,
151509,
257550,
192125,
-199432,
-3396775,
-2507529,
4953404,
1591091,
-42360,
-411955,
-654806,
-653152,
-570740,
-707179,
-963387,
-1082809,
-1282974,
-1387714,
-1799596,
-2195419,
-2552354,
-2298709,
-1408132,
-228403,
830998,
1358942,
1742821,
1708947,
1868537,
1926359,
1466462,
1363659,
1246527,
1240774,
1143668,
846862,
664502,
336586,
365722,
274072,
166811,
152846,
212602,
205221,
120388,
276049,
73964,
93643,
-231825,
-331705,
-406477,
-190121,
229309,
146487,
217160,
191355,
-255973,
-2372031,
-3502592,
4116518,
2215077,
-97509,
-293491,
-677411,
-447577,
-754692,
-733123,
-1022442,
-966995,
-1200824,
-1334776,
-1775382,
-2197785,
-2614492,
-2324889,
-1445530,
-663430,
592125,
1390205,
1854755,
1827861,
1649099,
1699362,
1578119,
1595857,
1449218,
1160580,
909259,
793320,
638605,
508703,
223924,
100833,
-82194,
287010,
85928,
61678,
-99282,
41761,
347,
82113,
-115408,
-452237,
-353937,
-696192,
-52450,
-15202,
102195,
168154,
140792,
-280662,
-3243679,
-2383004,
4630203,
1389008,
-107618,
-384911,
-620367,
-817433,
-633786,
-818857,
-852825,
-1076406,
-1120118,
-1509230,
-1761828,
-2070029,
-2821399,
-2060911,
-1369536,
-430311,
627620,
1409099,
1819289,
1762417,
1733895,
1718620,
1452804,
1631690,
1354772,
1252819,
887709,
931888,
773429,
499984,
165141,
156686,
93099,
292177,
-16493,
130564,
-107038,
180554,
52586,
-86973,
-169205,
-483848,
-299519,
-361363,
50792,
8925,
216410,
23613,
108646,
-1989872,
-3771953,
3036716,
2451296,
34286,
-438749,
-458618,
-449323,
-703262,
-884168,
-934924,
-970064,
-1124246,
-1249416,
-1655850,
-1958126,
-2624225,
-2343785,
-1618779,
-747231,
513711,
1176618,
1652990,
1860679,
1871336,
1577269,
1636022,
1542782,
1365606,
1391241,
1023749,
916217,
719183,
515125,
235362,
199290,
161658,
36125,
122032,
61638,
31576,
-45740,
-51229,
132232,
-378137,
-152416,
-630752,
-198023,
144126,
158125,
299885,
35855,
-459700,
-3419428,
-1838118,
4440670,
1133897,
-163877,
-549450,
-393085,
-395468,
-577238,
-752045,
-963969,
-994917,
-1276160,
-1319163,
-1737675,
-2093091,
-2580091,
-2101688,
-1378902,
-54627,
801055,
1462592,
1697977,
1927204,
1933954,
1689744,
1544772,
1318261,
1456704,
1131477,
949052,
686810,
570191,
425647,
242132,
73254,
10351,
34859,
101784,
35764,
-120919,
-132583,
-349266,
-368464,
-419943,
-83992,
48512,
262307,
320119,
293347,
-687495,
-3961395,
523745,
4288576,
599574,
-140091,
-411234,
-501445,
-572285,
-634560,
-770686,
-878384,
-1089978,
-1314086,
-1514999,
-1903193,
-2241108,
-2291747,
-1919629,
-1235322,
-169737,
1253106,
1571766,
1811063,
1779509,
1519984,
1636992,
1557811,
1416462,
1157114,
1145341,
943673,
654731,
578292,
250500,
267870,
-21621,
-45814,
105443,
22652,
-87590,
-342965,
-272207,
-521307,
-142721,
48789,
120449,
311385,
160867,
26991,
-1696754,
-3382658,
3466802,
2457274,
-111763,
-302793,
-350881,
-641862,
-527602,
-785458,
-876226,
-1077124,
-1088249,
-1271780,
-1738230,
-2242394,
-2346586,
-2312606,
-1534504,
-618919,
427069,
1213148,
1523778,
1855066,
1763884,
1499516,
1557898,
1332929,
1422812,
1236473,
994243,
732731,
580448,
462466,
238517,
240086,
214534,
-5737,
162796,
-102024,
-117026,
-360961,
-291839,
-27590,
336890,
197304,
218027,
158788,
-1086452,
-4170050,
1950891,
3474578,
160868,
-377525,
-355165,
-578331,
-658977,
-755126,
-896355,
-857816,
-1116932,
-1342474,
-1672604,
-1875331,
-2172947,
-2293209,
-1828832,
-812808,
236740,
1285704,
1607674,
1806703,
1582474,
1731811,
1613962,
1457986,
1410833,
1078290,
1114098,
908667,
721164,
413578,
265950,
268818,
-34580,
83535,
-46330,
-345018,
-283049,
-330642,
-295948,
69360,
93712,
212391,
149180,
189520,
-1439590,
-3795793,
2646983,
2565782,
146990,
-335249,
-509508,
-533385,
-629213,
-750222,
-884726,
-894757,
-1172221,
-1409469,
-1597773,
-2018319,
-2296245,
-2338514,
-1505146,
-613984,
491448,
1227223,
1663354,
1767188,
1688719,
1665513,
1478430,
1444814,
1292102,
1229123,
969585,
812042,
494885,
550197,
386534,
228155,
44769,
-46613,
-225519,
-233508,
-283189,
-419131,
5650,
320731,
335726,
299004,
40744,
-1615010,
-3586876,
3377874,
2719650,
-72348,
-501787,
-523426,
-521091,
-643801,
-738527,
-975355,
-1128374,
-1125308,
-1440957,
-1672183,
-1965237,
-2384921,
-2069425,
-1431773,
-419818,
445545,
1373801,
1561729,
1729782,
1704974,
1504558,
1457762,
1508985,
1314766,
1106639,
919575,
704576,
733874,
360326,
116956,
1372,
187352,
-253933,
-221679,
-463304,
-346280,
82551,
110281,
231703,
122213,
-14669,
-1078731,
-3954378,
2949688,
2730531,
126203,
-362020,
-505814,
-440902,
-713133,
-779545,
-795618,
-934526,
-1316444,
-1322624,
-1650551,
-1908563,
-2312822,
-2334367,
-1480861,
-509674,
519167,
1016889,
1747563,
1501321,
1677605,
1462036,
1414606,
1402961,
1269248,
1212964,
988801,
696112,
695006,
514128,
257702,
108238,
112815,
-359749,
-166362,
-296672,
62076,
143312,
266131,
198889,
256020,
-549468,
-3710059,
-330455,
4726865,
907680,
-52412,
-506341,
-524646,
-664990,
-646545,
-738262,
-1071458,
-1112422,
-1210135,
-1677608,
-1873269,
-2268708,
-2459363,
-1799548,
-924977,
236187,
1023455,
1470707,
1643441,
1454313,
1545037,
1457271,
1419556,
1145336,
1170096,
954938,
795526,
758316,
407600,
380096,
42200,
-58318,
-78419,
-220806,
-336698,
11337,
235589,
341378,
355738,
158861,
-886731,
-3995019,
1903691,
3783603,
378027,
-348003,
-678136,
-556104,
-620912,
-707250,
-984984,
-992844,
-1181180,
-1355208,
-1668149,
-2089327,
-2358915,
-2342164,
-1610973,
-754018,
409207,
1239209,
1508093,
1730242,
1499314,
1398118,
1453655,
1400303,
1432192,
1088539,
924998,
938565,
690237,
382657,
208241,
80097,
-93445,
-275192,
-251862,
20113,
320954,
396326,
228772,
80838,
-635825,
-3900157,
746291,
3997729,
476247,
10304,
-421796,
-503894,
-700036,
-642734,
-893643,
-828906,
-1210520,
-1174478,
-1614854,
-1756075,
-2311726,
-2272168,
-1589830,
-830467,
381022,
1312842,
1602870,
1541207,
1622589,
1686785,
1739234,
1530625,
885421,
1333924,
792274,
604381,
630469,
462720,
317357,
-97518,
44373,
-282889,
-217398,
582744,
457744,
215014,
71167,
9078,
-3021978,
-1455273,
3726486,
1008991,
-326176,
-257143,
-300211,
-785420,
-444022,
-825190,
-943154,
-955692,
-1368551,
-1469654,
-1622263,
-2176243,
-2311702,
-1769642,
-1427373,
-22185,
1056325,
1020685,
1606940,
1479134,
1876116,
1510551,
1271117,
1234941,
1280298,
1184875,
753266,
505976,
630639,
-62614,
-201858,
-280901,
153084,
280108,
250175,
-22310,
306794,
-1399608,
-4350870,
1883469,
2637002,
258147,
-108909,
-620143,
-161096,
-651343,
-681678,
-753008,
-965293,
-984512,
-1321133,
-1654928,
-1853373,
-2261468,
-2211723,
-1357832,
-329762,
550557,
1099138,
1642958,
1546213,
1534725,
1458066,
1268250,
1215769,
1086381,
1021910,
798465,
682855,
231598,
50250,
-225509,
-303142,
129416,
163179,
339095,
213333,
146909,
-1304595,
-4556103,
1818756,
2883527,
157699,
-201511,
-129114,
-266019,
-460733,
-562739,
-660664,
-791723,
-905940,
-1150244,
-1467300,
-1760358,
-2232126,
-2251673,
-1314746,
-204574,
761269,
1391943,
1620972,
1692130,
1501200,
1560900,
1370522,
1394513,
1134288,
1007977,
837326,
531108,
160969,
204689,
-234293,
-176082,
140362,
271809,
253521,
218053,
-131200,
-2631325,
-2825203,
4123895,
2002524,
116130,
-392387,
-488820,
-344496,
-547237,
-673003,
-791056,
-965575,
-1116112,
-1407465,
-1710671,
-2029666,
-2426066,
-2014926,
-828312,
158219,
997674,
1504197,
1644547,
1595336,
1584859,
1435304,
1374221,
1196497,
1033577,
946117,
763935,
562918,
202809,
-14399,
-198847,
-227477,
99595,
225313,
192820,
190450,
-200150,
-2773323,
-2583715,
4135560,
1893904,
31527,
-350396,
-417458,
-464105,
-553074,
-698534,
-782702,
-943902,
-1160187,
-1419584,
-1695770,
-2087731,
-2339066,
-1934188,
-951768,
115111,
1084302,
1507030,
1644011,
1642966,
1578569,
1471715,
1335258,
1211494,
1051796,
914535,
737491,
562657,
329536,
-41540,
-123230,
-306570,
-51656,
280073,
302193,
276219,
184747,
-951880,
-4084245,
1529005,
4078974,
501535,
-161314,
-312737,
-505007,
-615626,
-731248,
-865529,
-962521,
-1159943,
-1397467,
-1655132,
-1973428,
-2296984,
-2287193,
-1548532,
-538991,
552596,
1239455,
1530812,
1629504,
1627615,
1499407,
1385884,
1268306,
1129799,
982445,
847809,
694254,
526110,
353268,
65954,
-150288,
-269465,
-254945,
67846,
243474,
282012,
208622,
-121795,
-2694814,
-2409649,
4333101,
2107967,
104150,
-362567,
-441106,
-518636,
-591051,
-754506,
-876119,
-1018206,
-1211903,
-1483424,
-1749593,
-2120180,
-2402643,
-2056928,
-1115231,
-73855,
865361,
1374765,
1577102,
1600162,
1532028,
1467917,
1339693,
1221247,
1082973,
962215,
803979,
685750,
520626,
317453,
6080,
-102960,
-266699,
-159001,
173143,
278105,
302821,
235220,
-394794,
-3390371,
-1354545,
4906188,
1540634,
-16635,
-413207,
-579915,
-615391,
-699418,
-817417,
-921322,
-1076939,
-1228677,
-1495668,
-1751557,
-2105250,
-2307508,
-1812972,
-940836,
75887,
914851,
1367949,
1511328,
1566379,
1488312,
1411492,
1285829,
1194996,
1050943,
939332,
774083,
652889,
476652,
353752,
193515,
-144970,
-125649,
-303375,
-148632,
202913,
270640,
288878,
182654,
-761324,
-4165407,
359238,
4588232,
581861,
-131817,
-384306,
-642838,
-736487,
-821329,
-928010,
-1045808,
-1158958,
-1341613,
-1558389,
-1815827,
-2181296,
-2232717,
-1679447,
-756463,
232720,
1059863,
1512785,
1693977,
1658265,
1607347,
1521135,
1435981,
1301734,
1154440,
1057317,
916044,
715680,
517523,
98866,
14466,
-198551,
-91052,
278611,
315740,
277029,
281812,
-650069,
-3592781,
282366,
4789360,
981888,
-169559,
-456872,
-587278,
-669523,
-756169,
-844898,
-930936,
-1098654,
-1268483,
-1464242,
-1792503,
-2026339,
-2199967,
-1602854,
-778280,
167575,
930589,
1373972,
1536026,
1491003,
1380302,
1341785,
1200514,
1124310,
1002579,
876538,
751363,
563717,
187842,
40163,
-147575,
-202641,
69023,
173524,
290606,
217400,
94695,
-1597979,
-3575640,
3088964,
2863374,
14081,
-430008,
-467141,
-602697,
-694490,
-792432,
-878539,
-980908,
-1161465,
-1287748,
-1524544,
-1792024,
-2082234,
-1966552,
-1218591,
-385320,
442031,
1154761,
1422901,
1517932,
1441208,
1368681,
1231279,
1166698,
1035158,
992624,
860978,
681194,
378717,
100230,
-153634,
-133654,
168408,
252213,
303165,
247551,
-25121,
-2186144,
-2561582,
4203967,
2319937,
6809,
-445131,
-518291,
-575737,
-667580,
-798340,
-934127,
-1023827,
-1191765,
-1397701,
-1573604,
-1874824,
-2108947,
-1783580,
-1009386,
-128707,
669532,
1214220,
1391337,
1381078,
1314358,
1240136,
1196468,
1116986,
1011930,
980485,
830924,
632668,
268790,
23034,
-34858,
160081,
341252,
323607,
304284,
161470,
-1420751,
-3555947,
3322710,
3085425,
37420,
-429049,
-432401,
-547067,
-625007,
-750702,
-907089,
-993500,
-1149379,
-1309071,
-1514842,
-1746673,
-2049591,
-1851972,
-1106508,
-290978,
521150,
1080205,
1297373,
1342375,
1276376,
1213811,
1142954,
1071983,
1025091,
956922,
835809,
418935,
311284,
-81515,
55050,
264764,
359751,
356316,
272036,
-394777,
-3175750,
-775780,
5045283,
1308248,
-2507,
-348286,
-553752,
-564866,
-668071,
-809787,
-866592,
-1013142,
-1167132,
-1357921,
-1587340,
-1820346,
-1962110,
-1444028,
-647467,
189324,
832904,
1116524,
1190128,
1173416,
1094576,
1068893,
1042916,
1005190,
928109,
615563,
470607,
154162,
233297,
429370,
452221,
426180,
346601,
1661,
-2315298,
-1902674,
4858789,
2116078,
59081,
-423382,
-490603,
-544714,
-647510,
-763141,
-903419,
-1038254,
-1154208,
-1334660,
-1556623,
-1737607,
-1871729,
-1430788,
-654285,
61312,
651887,
955997,
1080181,
1064517,
1060453,
1016678,
980808,
959784,
732484,
522403,
219492,
241590,
502356,
589206,
504502,
456041,
314498,
-866442,
-3805396,
2526241,
3830435,
463053,
-171248,
-314758,
-458312,
-587919,
-677495,
-835058,
-891292,
-1027328,
-1198628,
-1393409,
-1607643,
-1821326,
-1654300,
-1025922,
-201569,
420925,
814032,
1016811,
1036172,
1054529,
1023306,
1007424,
969811,
705985,
593461,
266179,
382902,
666279,
625712,
555704,
460489,
292957,
-1444386,
-3214971,
3964832,
3027897,
199960,
-321194,
-397422,
-510491,
-661221,
-792173,
-875274,
-1042474,
-1128388,
-1331266,
-1479898,
-1695715,
-1803371,
-1513788,
-763245,
-19985,
508951,
833100,
1002534,
1008514,
952506,
955119,
925790,
673142,
621996,
388616,
456322,
634997,
714585,
662534,
497852,
359257,
-839003,
-3740172,
2812417,
3744833,
395233,
-155788,
-253906,
-498259,
-622244,
-715375,
-850018,
-953348,
-1104970,
-1258338,
-1429942,
-1632674,
-1799645,
-1521156,
-858221,
-34660,
542890,
920154,
1025938,
1009308,
973335,
989544,
890614,
702268,
601909,
442122,
568700,
884300,
760235,
661957,
521051,
114544,
-2294736,
-1593738,
5031540,
1863190,
43206,
-377395,
-492648,
-548451,
-689084,
-807619,
-940584,
-1104136,
-1165326,
-1359252,
-1468527,
-1638109,
-1643346,
-1156022,
-404832,
200587,
616801,
860854,
886811,
927799,
911658,
854202,
635840,
614287,
406239,
479853,
767210,
844206,
723199,
565337,
420206,
-1209416,
-3485631,
3457517,
2930754,
87040,
-267125,
-341841,
-481591,
-600318,
-746835,
-855012,
-967182,
-1080724,
-1292401,
-1392409,
-1559295,
-1606485,
-1373090,
-584717,
105910,
570966,
778654,
916733,
880574,
902975,
874743,
689796,
600622,
438952,
548710,
735522,
880823,
733078,
561968,
352304,
-1261935,
-3170752,
3614678,
2544702,
70932,
-318321,
-307390,
-447883,
-616641,
-754381,
-881263,
-989003,
-1111261,
-1267053,
-1442794,
-1499361,
-1604003,
-1226223,
-494593,
128298,
533994,
740423,
808970,
865006,
862477,
820135,
716116,
601149,
492740,
742393,
1049313,
904746,
682366,
582175,
-159403,
-3039337,
933818,
4594735,
881036,
-67386,
-337252,
-541887,
-637901,
-749434,
-866030,
-927576,
-1060422,
-1203748,
-1325143,
-1497135,
-1487850,
-1325995,
-698847,
-156629,
223433,
552927,
727915,
757215,
792120,
741941,
517293,
522989,
334109,
569376,
820012,
864332,
786967,
633832,
90335,
-2543080,
-791457,
5489332,
1616195,
59479,
-324380,
-524617,
-515510,
-687909,
-864806,
-1006861,
-1076077,
-1192334,
-1302749,
-1459565,
-1542322,
-1507094,
-904490,
-159988,
217926,
532466,
708723,
819773,
821369,
802157,
537885,
548428,
401881,
568476,
874484,
931645,
804306,
684199,
209138,
-2306170,
-1278095,
5274709,
1810887,
145676,
-302521,
-438779,
-516925,
-666561,
-821682,
-929389,
-1040093,
-1201392,
-1377154,
-1511670,
-1569543,
-1565251,
-1026834,
-179702,
361709,
678478,
783945,
840463,
815729,
781330,
563581,
567945,
499625,
632164,
871387,
828624,
738269,
583180,
-123331,
-3074912,
364448,
5104373,
1162532,
44505,
-273684,
-481753,
-646069,
-663723,
-830924,
-922678,
-1075514,
-1181054,
-1326828,
-1421385,
-1459983,
-1385069,
-728153,
-108320,
357095,
775739,
827062,
796355,
803385,
722579,
620302,
562388,
491774,
668006,
929049,
941255,
736952,
605656,
-403960,
-3538407,
2255719,
4337625,
629370,
-83113,
-242573,
-485815,
-661562,
-764885,
-875683,
-1002975,
-1156785,
-1267961,
-1406155,
-1536108,
-1505291,
-1336082,
-652818,
9985,
441699,
714807,
792173,
833520,
803954,
792982,
636454,
611830,
497936,
681275,
883578,
908950,
786294,
665699,
-419078,
-3549056,
1486012,
4955371,
871203,
7903,
-298576,
-456593,
-624606,
-719607,
-849687,
-950489,
-1093517,
-1261668,
-1412936,
-1528184,
-1653200,
-1385979,
-723708,
517,
518576,
722158,
805039,
757564,
726480,
715134,
506828,
539107,
396298,
545623,
852438,
844533,
721170,
562224,
-305669,
-3463040,
848568,
5157484,
954524,
27270,
-280319,
-471448,
-627967,
-711135,
-811112,
-1005808,
-1078828,
-1194993,
-1352704,
-1551563,
-1609984,
-1448445,
-716318,
-2867,
506678,
781225,
790291,
881021,
743788,
822376,
589767,
757353,
520978,
712410,
832438,
874193,
751637,
629402,
-10627,
-3043893,
-555261,
5369886,
1352939,
136004,
-238452,
-397080,
-589457,
-611513,
-803674,
-937554,
-1127361,
-1168489,
-1339034,
-1547569,
-1536253,
-1431124,
-843453,
-91946,
271451,
654831,
744056,
749101,
830259,
773187,
729830,
602846,
640763,
560200,
761635,
904324,
794479,
626067,
338719,
-1901824,
-2608274,
4422770,
2415825,
95903,
-419090,
-351483,
-491061,
-669569,
-753547,
-929533,
-1085549,
-1044637,
-1262449,
-1436536,
-1473075,
-1479922,
-996444,
-280551,
254720,
507276,
733643,
811171,
804518,
853599,
867596,
610356,
619973,
425865,
573404,
878182,
806021,
675739,
517412,
-738894,
-3529762,
3332302,
3664963,
250808,
-243363,
-409637,
-582749,
-740635,
-797516,
-928173,
-1081238,
-1182852,
-1361107,
-1425058,
-1584026,
-1501616,
-1199598,
-436932,
71495,
316656,
513241,
672894,
757271,
835783,
848134,
697310,
615989,
510907,
563306,
820503,
809254,
561095,
433210,
-398878,
-3523680,
2501194,
4123624,
521073,
-175147,
-272706,
-512261,
-538134,
-828173,
-796520,
-1171863,
-979505,
-1303048,
-1371788,
-1444212,
-1398278,
-1107350,
-387944,
-13907,
174092,
482667,
623560,
559325,
732531,
767288,
631596,
592223,
412303,
490572,
702508,
784114,
565017,
644979,
-292654,
-3332719,
290375,
5450524,
1106703,
115876,
-212530,
-500111,
-642710,
-741945,
-743346,
-880108,
-1046829,
-1199417,
-1339501,
-1448150,
-1421499,
-1186783,
-563324,
-113601,
193012,
450834,
469131,
885291,
794208,
816378,
857569,
676975,
583339,
532563,
636669,
877265,
818402,
663090,
534686,
-1091602,
-3457234,
3894572,
3648478,
321978,
-307380,
-425989,
-547422,
-662405,
-768523,
-921517,
-1106827,
-1151759,
-1390580,
-1433063,
-1553249,
-1521524,
-1154097,
-390363,
57177,
344431,
537157,
656420,
672140,
720116,
801418,
629062,
626085,
470064,
597756,
783171,
793722,
679824,
701761,
-320235,
-3557257,
778925,
5450832,
969346,
91799,
-316032,
-525238,
-543015,
-715915,
-883722,
-1045987,
-1146677,
-1291474,
-1461269,
-1485642,
-1516932,
-1288604,
-570024,
-44431,
286521,
473256,
683555,
756561,
805097,
908458,
812606,
669103,
612885,
654344,
890770,
966873,
816724,
684316,
183506,
-2771054,
-1433162,
5533463,
1743971,
138302,
-234956,
-447118,
-532318,
-608980,
-820399,
-990670,
-1056931,
-1187704,
-1407001,
-1482839,
-1404099,
-1242399,
-666465,
-138002,
146014,
387517,
656965,
811267,
846274,
921060,
801424,
586299,
630101,
622713,
837097,
976837,
835544,
518481,
298532,
-2348817,
-1943944,
5087057,
1799526,
71952,
-356784,
-376430,
-497860,
-608662,
-732375,
-1004102,
-1014045,
-1109643,
-1304764,
-1370294,
-1326357,
-1212097,
-675278,
-227553,
82782,
413278,
590083,
779805,
948475,
1012473,
793909,
739614,
663026,
747693,
1016249,
1010265,
827002,
670781,
-262636,
-3435068,
2388690,
4173737,
573137,
-181394,
-385529,
-582798,
-727887,
-878240,
-987679,
-1106489,
-1215524,
-1316231,
-1414517,
-1368536,
-1311334,
-1106875,
-646263,
-292296,
60281,
342598,
680796,
778119,
876707,
722712,
663171,
532087,
660925,
944115,
997080,
932298,
758284,
207757,
-2595117,
-973780,
5563331,
1557810,
33689,
-356794,
-545413,
-598645,
-706551,
-855011,
-1024083,
-1116219,
-1252531,
-1366333,
-1374628,
-1293665,
-1164030,
-627970,
-245591,
48663,
326644,
621054,
712641,
874663,
846835,
664116,
632374,
736471,
947560,
1140877,
968705,
791162,
453648,
-1929987,
-2069776,
5106587,
2134460,
83804,
-354210,
-473078,
-538637,
-722786,
-862242,
-1088494,
-1097026,
-1220063,
-1380416,
-1382341,
-1316706,
-1212721,
-702068,
-260238,
23434,
374924,
658036,
785648,
879474,
761773,
695822,
585623,
705746,
1025098,
1087565,
943366,
790533,
292028,
-2450113,
-1070195,
5087019,
1135329,
79963,
-304699,
-513604,
-517923,
-701224,
-853246,
-962983,
-1061079,
-1187177,
-1351705,
-1336292,
-1211266,
-1020684,
-562845,
-293674,
68490,
449567,
637498,
869889,
880243,
748169,
719659,
709741,
933777,
1209763,
1088681,
994477,
781449,
-363865,
-3069496,
3901306,
3409327,
214567,
-374678,
-463202,
-602408,
-742147,
-938291,
-1034748,
-1165548,
-1317528,
-1439003,
-1499198,
-1410626,
-1274865,
-1043963,
-558036,
-209218,
110463,
389461,
627242,
709676,
618662,
633781,
517468,
747406,
1162658,
1117365,
1003368,
850846,
82538,
-3093970,
2313398,
4660326,
528429,
-164296,
-360520,
-598140,
-705169,
-847061,
-1015919,
-1141921,
-1281476,
-1418542,
-1511313,
-1427395,
-1292800,
-1024099,
-496491,
-182569,
190437,
453159,
649957,
673810,
580250,
617445,
574427,
781983,
1235154,
1137518,
965082,
747719,
44756,
-3386815,
2532913,
4144381,
367495,
-108793,
-244356,
-459637,
-651935,
-859329,
-967962,
-1073784,
-1300427,
-1435275,
-1499844,
-1361751,
-1198176,
-913412,
-424232,
-96370,
230334,
541749,
680337,
627279,
626997,
499842,
565023,
937143,
1220607,
1090066,
977622,
749728,
-314689,
-3047077,
3561403,
3075801,
171028,
-190306,
-254056,
-491522,
-661650,
-768722,
-963781,
-1093232,
-1265063,
-1419310,
-1438896,
-1325378,
-1172086,
