-2150 ,
-1966 ,
-1814 ,
-1639 ,
-1450 ,
-1273 ,
-1023 ,
-219 ,
286 ,
1095 ,
1499 ,
593 ,
-590 ,
-1143 ,
-1056 ,
-923 ,
-630 ,
-329 ,
4441 ,
21386 ,
-603 ,
-7446 ,
-2635 ,
-1019 ,
-712 ,
-33 ,
425 ,
811 ,
1195 ,
1589 ,
2234 ,
3230 ,
4554 ,
6362 ,
8784 ,
9564 ,
7075 ,
2639 ,
-2185 ,
-5143 ,
-6437 ,
-6843 ,
-6831 ,
-6610 ,
-6283 ,
-5845 ,
-5232 ,
-4584 ,
-3790 ,
-2891 ,
-2073 ,
-1212 ,
-524 ,
-210 ,
-20 ,
56 ,
118 ,
132 ,
113 ,
75 ,
168 ,
110 ,
150 ,
215 ,
168 ,
228 ,
280 ,
230 ,
299 ,
280 ,
337 ,
791 ,
1200 ,
1659 ,
2518 ,
1418 ,
227 ,
-660 ,
-829 ,
-803 ,
-537 ,
-366 ,
2828 ,
21036 ,
2965 ,
-9620 ,
-3534 ,
-1131 ,
-495 ,
242 ,
647 ,
974 ,
1369 ,
1726 ,
2307 ,
3219 ,
4419 ,
6089 ,
8359 ,
9469 ,
7285 ,
3077 ,
-1561 ,
-4732 ,
-6164 ,
-6613 ,
-6639 ,
-6322 ,
-5985 ,
-5564 ,
-5002 ,
-4461 ,
-3771 ,
-3007 ,
-2163 ,
-1309 ,
-615 ,
-233 ,
4 ,
29 ,
20 ,
34 ,
10 ,
24 ,
72 ,
22 ,
28 ,
49 ,
125 ,
143 ,
148 ,
101 ,
161 ,
214 ,
560 ,
1184 ,
1485 ,
2451 ,
1349 ,
531 ,
-807 ,
-863 ,
-837 ,
-744 ,
-446 ,
2861 ,
19696 ,
4981 ,
-8739 ,
-3430 ,
-1505 ,
-968 ,
-350 ,
195 ,
593 ,
899 ,
1372 ,
1963 ,
2789 ,
4195 ,
5900 ,
8155 ,
9703 ,
7826 ,
3788 ,
-972 ,
-4578 ,
-6327 ,
-6850 ,
-6965 ,
-6898 ,
-6512 ,
-6131 ,
-5508 ,
-4825 ,
-4054 ,
-3210 ,
-2215 ,
-1393 ,
-633 ,
-175 ,
-1 ,
81 ,
154 ,
98 ,
172 ,
144 ,
168 ,
163 ,
178 ,
200 ,
243 ,
181 ,
223 ,
288 ,
266 ,
290 ,
420 ,
1005 ,
1345 ,
2142 ,
2277 ,
1221 ,
-152 ,
-870 ,
-896 ,
-779 ,
-648 ,
357 ,
9182 ,
18608 ,
-8188 ,
-6229 ,
-2341 ,
-738 ,
-412 ,
-83 ,
399 ,
756 ,
1116 ,
1667 ,
2376 ,
3409 ,
4943 ,
6884 ,
9155 ,
9023 ,
5938 ,
1254 ,
-3118 ,
-5595 ,
-6682 ,
-6852 ,
-6794 ,
-6502 ,
-6121 ,
-5725 ,
-5099 ,
-4412 ,
-3669 ,
-2719 ,
-1799 ,
-1027 ,
-471 ,
-100 ,
-59 ,
62 ,
144 ,
70 ,
148 ,
163 ,
128 ,
185 ,
131 ,
173 ,
269 ,
225 ,
233 ,
331 ,
285 ,
572 ,
1184 ,
1300 ,
2594 ,
1781 ,
922 ,
-739 ,
-615 ,
-771 ,
-706 ,
-371 ,
1351 ,
16625 ,
9247 ,
-10587 ,
-5082 ,
-1665 ,
-574 ,
69 ,
555 ,
758 ,
1192 ,
1627 ,
2106 ,
2970 ,
4212 ,
5743 ,
7842 ,
9588 ,
8105 ,
4248 ,
-540 ,
-4185 ,
-6058 ,
-6758 ,
-6874 ,
-6649 ,
-6331 ,
-5938 ,
-5333 ,
-4863 ,
-4069 ,
-3295 ,
-2482 ,
-1565 ,
-795 ,
-327 ,
-13 ,
107 ,
70 ,
136 ,
183 ,
136 ,
219 ,
219 ,
232 ,
315 ,
292 ,
285 ,
296 ,
768 ,
1218 ,
1769 ,
2382 ,
1206 ,
157 ,
-853 ,
-988 ,
-884 ,
-716 ,
-427 ,
5241 ,
22164 ,
-2065 ,
-7983 ,
-2936 ,
-1281 ,
-878 ,
-342 ,
187 ,
621 ,
1044 ,
1531 ,
2175 ,
3140 ,
4467 ,
6292 ,
8776 ,
9591 ,
7126 ,
2652 ,
-1976 ,
-5028 ,
-6354 ,
-6735 ,
-6749 ,
-6557 ,
-6247 ,
-5789 ,
-5252 ,
-4496 ,
-3785 ,
-2832 ,
-1954 ,
-1162 ,
-457 ,
-52 ,
50 ,
204 ,
157 ,
136 ,
198 ,
224 ,
192 ,
238 ,
228 ,
196 ,
260 ,
299 ,
297 ,
323 ,
932 ,
1328 ,
1874 ,
2605 ,
1220 ,
186 ,
-793 ,
-944 ,
-775 ,
-635 ,
-337 ,
5164 ,
21644 ,
-1376 ,
-6765 ,
-2503 ,
-949 ,
-699 ,
-177 ,
431 ,
829 ,
1209 ,
1617 ,
2209 ,
3120 ,
4524 ,
6382 ,
8688 ,
9503 ,
7047 ,
2675 ,
-1907 ,
-4978 ,
-6370 ,
-6727 ,
-6750 ,
-6625 ,
-6134 ,
-5737 ,
-5235 ,
-4567 ,
-3808 ,
-2982 ,
-2030 ,
-1213 ,
-617 ,
-184 ,
-41 ,
78 ,
165 ,
77 ,
108 ,
122 ,
151 ,
176 ,
233 ,
252 ,
238 ,
310 ,
327 ,
475 ,
1160 ,
1338 ,
2421 ,
2057 ,
1208 ,
-576 ,
-707 ,
-896 ,
-787 ,
-559 ,
757 ,
11039 ,
15558 ,
-10720 ,
-6454 ,
-2169 ,
-549 ,
-11 ,
372 ,
801 ,
1194 ,
1522 ,
2135 ,
2891 ,
4002 ,
5418 ,
7404 ,
9428 ,
8844 ,
5372 ,
545 ,
-3467 ,
-5759 ,
-6632 ,
-6710 ,
-6531 ,
-6301 ,
-5821 ,
-5420 ,
-4835 ,
-4197 ,
-3437 ,
-2589 ,
-1674 ,
-881 ,
-359 ,
44 ,
131 ,
100 ,
195 ,
175 ,
178 ,
223 ,
199 ,
223 ,
251 ,
317 ,
403 ,
998 ,
1162 ,
2125 ,
2206 ,
1151 ,
-373 ,
-798 ,
-916 ,
-850 ,
-570 ,
333 ,
9285 ,
18995 ,
-9250 ,
-7513 ,
-2481 ,
-747 ,
-423 ,
-50 ,
450 ,
828 ,
1165 ,
1663 ,
2327 ,
3285 ,
4834 ,
6708 ,
9028 ,
8891 ,
5824 ,
1131 ,
-3100 ,
-5436 ,
-6433 ,
-6544 ,
-6456 ,
-6272 ,
-5934 ,
-5397 ,
-4909 ,
-4192 ,
-3419 ,
-2655 ,
-1704 ,
-989 ,
-393 ,
-77 ,
32 ,
27 ,
139 ,
144 ,
122 ,
162 ,
142 ,
96 ,
117 ,
248 ,
173 ,
300 ,
234 ,
473 ,
1182 ,
1324 ,
2593 ,
1585 ,
818 ,
-846 ,
-924 ,
-957 ,
-860 ,
-600 ,
1663 ,
15323 ,
12059 ,
-10612 ,
-4841 ,
-1954 ,
-881 ,
-297 ,
44 ,
460 ,
860 ,
1238 ,
1783 ,
2556 ,
3752 ,
5383 ,
7513 ,
9535 ,
8398 ,
4894 ,
99 ,
-3842 ,
-5860 ,
-6716 ,
-6838 ,
-6709 ,
-6506 ,
-6067 ,
-5500 ,
-4962 ,
-4150 ,
-3331 ,
-2436 ,
-1553 ,
-767 ,
-287 ,
-33 ,
125 ,
108 ,
171 ,
112 ,
198 ,
137 ,
144 ,
139 ,
233 ,
183 ,
175 ,
201 ,
291 ,
255 ,
472 ,
1094 ,
1235 ,
2420 ,
1692 ,
998 ,
-645 ,
-951 ,
-925 ,
-816 ,
-560 ,
638 ,
9864 ,
17607 ,
-8857 ,
-6113 ,
-2191 ,
-624 ,
-299 ,
37 ,
467 ,
836 ,
1237 ,
1718 ,
2400 ,
3419 ,
4965 ,
6941 ,
9165 ,
9029 ,
5899 ,
1265 ,
-2973 ,
-5576 ,
-6498 ,
-6773 ,
-6711 ,
-6427 ,
-6146 ,
-5620 ,
-4979 ,
-4317 ,
-3485 ,
-2620 ,
-1737 ,
-968 ,
-376 ,
-47 ,
72 ,
136 ,
159 ,
121 ,
138 ,
188 ,
111 ,
217 ,
263 ,
218 ,
371 ,
386 ,
398 ,
658 ,
1066 ,
1265 ,
2582 ,
1746 ,
804 ,
-687 ,
-649 ,
-818 ,
-652 ,
-471 ,
1110 ,
14594 ,
11714 ,
-11264 ,
-5878 ,
-1992 ,
-462 ,
67 ,
463 ,
820 ,
1173 ,
1527 ,
2053 ,
2794 ,
3905 ,
5544 ,
7458 ,
9344 ,
8202 ,
4594 ,
-85 ,
-3778 ,
-5838 ,
-6568 ,
-6693 ,
-6478 ,
-6142 ,
-5613 ,
-5201 ,
-4651 ,
-3979 ,
-3210 ,
-2405 ,
-1460 ,
-823 ,
-322 ,
5 ,
69 ,
88 ,
122 ,
75 ,
85 ,
42 ,
124 ,
205 ,
139 ,
222 ,
222 ,
566 ,
1131 ,
1330 ,
2504 ,
1394 ,
651 ,
-799 ,
-943 ,
-902 ,
-838 ,
-599 ,
2214 ,
18009 ,
8215 ,
-10232 ,
-4277 ,
-1865 ,
-968 ,
-296 ,
134 ,
495 ,
757 ,
1254 ,
1895 ,
2664 ,
3963 ,
5677 ,
7877 ,
9639 ,
8271 ,
4440 ,
-342 ,
-4141 ,
-6092 ,
-6798 ,
-6875 ,
-6803 ,
-6467 ,
-6104 ,
-5574 ,
-4948 ,
-4153 ,
-3299 ,
-2291 ,
-1448 ,
-762 ,
-324 ,
-34 ,
30 ,
94 ,
121 ,
100 ,
104 ,
134 ,
90 ,
131 ,
111 ,
152 ,
163 ,
220 ,
245 ,
384 ,
417 ,
1153 ,
1363 ,
2264 ,
2069 ,
1137 ,
-412 ,
-788 ,
-936 ,
-860 ,
-615 ,
206 ,
8670 ,
19281 ,
-7390 ,
-6374 ,
-2191 ,
-721 ,
-419 ,
3 ,
406 ,
791 ,
1119 ,
1514 ,
2252 ,
3287 ,
4701 ,
6753 ,
9024 ,
9015 ,
6257 ,
1785 ,
-2611 ,
-5289 ,
-6435 ,
-6772 ,
-6685 ,
-6439 ,
-6142 ,
-5580 ,
-5060 ,
-4444 ,
-3608 ,
-2737 ,
-1851 ,
-1077 ,
-488 ,
-198 ,
-11 ,
38 ,
113 ,
105 ,
39 ,
105 ,
70 ,
120 ,
137 ,
178 ,
236 ,
281 ,
280 ,
272 ,
524 ,
1100 ,
1244 ,
2544 ,
1814 ,
961 ,
-726 ,
-817 ,
-900 ,
-751 ,
-512 ,
1032 ,
12624 ,
13878 ,
-10649 ,
-5832 ,
-2160 ,
-642 ,
-70 ,
275 ,
573 ,
1012 ,
1375 ,
1810 ,
2620 ,
3662 ,
5169 ,
7211 ,
9196 ,
8501 ,
5273 ,
532 ,
-3513 ,
-5670 ,
-6538 ,
-6750 ,
-6463 ,
-6296 ,
-5885 ,
-5355 ,
-4852 ,
-4189 ,
-3393 ,
-2606 ,
-1710 ,
-920 ,
-385 ,
-18 ,
91 ,
103 ,
157 ,
129 ,
151 ,
241 ,
171 ,
221 ,
202 ,
221 ,
289 ,
498 ,
950 ,
1284 ,
2453 ,
1953 ,
1240 ,
-507 ,
-745 ,
-769 ,
-712 ,
-446 ,
1023 ,
12321 ,
15930 ,
-10842 ,
-6341 ,
-2234 ,
-489 ,
-112 ,
195 ,
654 ,
1008 ,
1326 ,
1878 ,
2480 ,
3498 ,
5042 ,
6921 ,
9202 ,
8687 ,
5496 ,
875 ,
-3078 ,
-5442 ,
-6329 ,
-6513 ,
-6415 ,
-6121 ,
-5725 ,
-5261 ,
-4747 ,
-4038 ,
-3405 ,
-2534 ,
-1671 ,
-1000 ,
-390 ,
-86 ,
-28 ,
27 ,
73 ,
115 ,
155 ,
-8 ,
136 ,
154 ,
232 ,
288 ,
266 ,
194 ,
638 ,
1275 ,
1504 ,
2662 ,
1463 ,
593 ,
-811 ,
-908 ,
-903 ,
-668 ,
-479 ,
2699 ,
19636 ,
4620 ,
-8415 ,
-3241 ,
-1544 ,
-1130 ,
-352 ,
129 ,
318 ,
851 ,
1184 ,
1713 ,
2594 ,
3870 ,
5593 ,
7965 ,
9489 ,
7779 ,
3989 ,
-737 ,
-4277 ,
-6062 ,
-6711 ,
-6825 ,
-6617 ,
-6388 ,
-5998 ,
-5394 ,
-4758 ,
-4045 ,
-3193 ,
-2298 ,
-1448 ,
-757 ,
-226 ,
-12 ,
96 ,
137 ,
165 ,
70 ,
107 ,
150 ,
111 ,
173 ,
269 ,
183 ,
499 ,
1096 ,
1273 ,
2465 ,
1874 ,
1084 ,
-575 ,
-877 ,
-921 ,
-787 ,
-485 ,
1156 ,
13221 ,
12931 ,
-11255 ,
-5991 ,
-2009 ,
-644 ,
-52 ,
344 ,
729 ,
1168 ,
1562 ,
1973 ,
2733 ,
3805 ,
5300 ,
7341 ,
9317 ,
8362 ,
4942 ,
284 ,
-3627 ,
-5744 ,
-6571 ,
-6701 ,
-6604 ,
-6186 ,
-5909 ,
-5248 ,
-4833 ,
-4156 ,
-3339 ,
-2555 ,
-1577 ,
-905 ,
-391 ,
-55 ,
115 ,
139 ,
190 ,
194 ,
174 ,
161 ,
204 ,
475 ,
987 ,
1234 ,
2427 ,
1698 ,
889 ,
-700 ,
-698 ,
-810 ,
-697 ,
-357 ,
1894 ,
18570 ,
7649 ,
-11519 ,
-4991 ,
-1589 ,
-337 ,
274 ,
741 ,
1046 ,
1335 ,
1759 ,
2185 ,
2971 ,
4097 ,
5511 ,
7611 ,
9247 ,
7660 ,
3887 ,
-685 ,
-4173 ,
-5845 ,
-6401 ,
-6396 ,
-6182 ,
-5876 ,
-5486 ,
-4993 ,
-4407 ,
-3793 ,
-3015 ,
-2218 ,
-1320 ,
-636 ,
-214 ,
18 ,
92 ,
70 ,
63 ,
94 ,
58 ,
163 ,
175 ,
634 ,
1280 ,
1633 ,
2400 ,
1395 ,
308 ,
-859 ,
-877 ,
-869 ,
-719 ,
-340 ,
4433 ,
21897 ,
384 ,
-7609 ,
-2620 ,
-1104 ,
-827 ,
-226 ,
359 ,
641 ,
988 ,
1475 ,
2057 ,
2928 ,
4421 ,
6116 ,
8445 ,
9498 ,
7206 ,
3018 ,
-1625 ,
-4885 ,
-6388 ,
-6832 ,
-6882 ,
-6756 ,
-6418 ,
-5981 ,
-5399 ,
-4680 ,
-3945 ,
-3026 ,
-2146 ,
-1296 ,
-578 ,
-218 ,
-83 ,
67 ,
52 ,
118 ,
111 ,
97 ,
93 ,
152 ,
130 ,
132 ,
742 ,
1191 ,
1745 ,
2533 ,
1239 ,
219 ,
-822 ,
-901 ,
-869 ,
-685 ,
-414 ,
3427 ,
20608 ,
2234 ,
-7717 ,
-2856 ,
-1327 ,
-765 ,
-133 ,
288 ,
720 ,
1051 ,
1426 ,
2066 ,
2904 ,
4238 ,
5935 ,
8106 ,
9319 ,
7446 ,
3424 ,
-1184 ,
-4508 ,
-6073 ,
-6526 ,
-6539 ,
-6423 ,
-6099 ,
-5684 ,
-5147 ,
-4519 ,
-3759 ,
-2962 ,
-2080 ,
-1279 ,
-647 ,
-165 ,
-17 ,
65 ,
139 ,
58 ,
94 ,
149 ,
121 ,
160 ,
172 ,
132 ,
437 ,
1188 ,
1223 ,
2578 ,
1770 ,
965 ,
-813 ,
-889 ,
-995 ,
-870 ,
-575 ,
984 ,
12027 ,
14226 ,
-10849 ,
-5836 ,
-2066 ,
-630 ,
-111 ,
360 ,
668 ,
1120 ,
1444 ,
1924 ,
2668 ,
3755 ,
5127 ,
7104 ,
9145 ,
8315 ,
5110 ,
491 ,
-3547 ,
-5637 ,
-6458 ,
-6620 ,
-6418 ,
-6162 ,
-5773 ,
-5174 ,
-4698 ,
-3982 ,
-3287 ,
-2563 ,
-1618 ,
-896 ,
-371 ,
-68 ,
2 ,
25 ,
64 ,
68 ,
61 ,
205 ,
101 ,
113 ,
373 ,
936 ,
1120 ,
2417 ,
1830 ,
1005 ,
-597 ,
-820 ,
-914 ,
-729 ,
-631 ,
691 ,
11748 ,
15416 ,
-11844 ,
-6896 ,
-2226 ,
-345 ,
136 ,
499 ,
956 ,
1374 ,
1662 ,
2106 ,
2801 ,
3775 ,
5191 ,
7019 ,
8991 ,
8339 ,
5069 ,
544 ,
-3192 ,
-5303 ,
-6135 ,
-6210 ,
-6017 ,
-5749 ,
-5305 ,
-4859 ,
-4432 ,
-3790 ,
-3194 ,
-2414 ,
-1611 ,
-971 ,
-399 ,
-122 ,
-38 ,
16 ,
74 ,
32 ,
82 ,
137 ,
102 ,
212 ,
321 ,
986 ,
1311 ,
2017 ,
2088 ,
1081 ,
-316 ,
-955 ,
-1015 ,
-931 ,
-746 ,
420 ,
9622 ,
18593 ,
-8908 ,
-6532 ,
-2255 ,
-778 ,
-494 ,
-91 ,
473 ,
843 ,
1202 ,
1732 ,
2409 ,
3473 ,
4951 ,
6838 ,
9162 ,
8838 ,
5789 ,
1179 ,
-3008 ,
-5529 ,
-6491 ,
-6679 ,
-6715 ,
-6452 ,
-6078 ,
-5569 ,
-4939 ,
-4259 ,
-3433 ,
-2600 ,
-1692 ,
-932 ,
-405 ,
-78 ,
46 ,
118 ,
112 ,
152 ,
136 ,
97 ,
137 ,
173 ,
126 ,
252 ,
952 ,
1331 ,
1991 ,
2514 ,
1138 ,
17 ,
-861 ,
-1096 ,
-919 ,
-673 ,
-403 ,
5108 ,
21323 ,
-1785 ,
-6809 ,
-2420 ,
-943 ,
-629 ,
-74 ,
390 ,
827 ,
1117 ,
1499 ,
2185 ,
3107 ,
4456 ,
6224 ,
8550 ,
9171 ,
6870 ,
2593 ,
-1923 ,
-4807 ,
-6150 ,
-6531 ,
-6558 ,
-6345 ,
-6010 ,
-5519 ,
-5011 ,
-4340 ,
-3626 ,
-2796 ,
-1968 ,
-1160 ,
-533 ,
-135 ,
11 ,
57 ,
157 ,
107 ,
174 ,
177 ,
91 ,
142 ,
170 ,
206 ,
373 ,
1091 ,
1249 ,
2060 ,
2529 ,
1205 ,
-194 ,
-812 ,
-957 ,
-830 ,
-583 ,
-320 ,
5855 ,
20981 ,
-4976 ,
-7884 ,
-2449 ,
-660 ,
-291 ,
186 ,
610 ,
1020 ,
1381 ,
1761 ,
2486 ,
3426 ,
4653 ,
6513 ,
8715 ,
9035 ,
6484 ,
2003 ,
-2363 ,
-5040 ,
-6289 ,
-6563 ,
-6462 ,
-6241 ,
-5864 ,
-5336 ,
-4858 ,
-4233 ,
-3644 ,
-2832 ,
-1916 ,
-1132 ,
-502 ,
-175 ,
-100 ,
-34 ,
67 ,
8 ,
31 ,
115 ,
41 ,
69 ,
213 ,
845 ,
1162 ,
1946 ,
2364 ,
1147 ,
-35 ,
-779 ,
-947 ,
-719 ,
-619 ,
-103 ,
6839 ,
21591 ,
-4921 ,
-7510 ,
-2459 ,
-771 ,
-493 ,
-23 ,
493 ,
995 ,
1240 ,
1665 ,
2297 ,
3225 ,
4595 ,
6340 ,
8681 ,
9032 ,
6424 ,
2006 ,
-2263 ,
-4998 ,
-6208 ,
-6483 ,
-6507 ,
-6221 ,
-5901 ,
-5478 ,
-4939 ,
-4276 ,
-3525 ,
-2699 ,
-1852 ,
-1090 ,
-437 ,
-102 ,
11 ,
191 ,
173 ,
123 ,
200 ,
185 ,
179 ,
281 ,
233 ,
197 ,
748 ,
1298 ,
1611 ,
2697 ,
1455 ,
452 ,
-772 ,
-902 ,
-879 ,
-562 ,
-473 ,
2658 ,
19654 ,
4609 ,
-8596 ,
-3328 ,
-1499 ,
-885 ,
-145 ,
250 ,
614 ,
1084 ,
1398 ,
1962 ,
2839 ,
3990 ,
5635 ,
7875 ,
9311 ,
7627 ,
3871 ,
-812 ,
-4199 ,
-5891 ,
-6504 ,
-6528 ,
-6366 ,
-6087 ,
-5557 ,
-5111 ,
-4529 ,
-3780 ,
-3000 ,
-2112 ,
-1278 ,
-675 ,
-264 ,
-1 ,
64 ,
151 ,
75 ,
35 ,
78 ,
105 ,
123 ,
216 ,
245 ,
189 ,
743 ,
1343 ,
1687 ,
2694 ,
1495 ,
297 ,
-752 ,
-909 ,
-914 ,
-648 ,
-501 ,
2662 ,
19679 ,
3287 ,
-8691 ,
-3326 ,
-1301 ,
-714 ,
13 ,
483 ,
841 ,
1271 ,
1594 ,
2124 ,
2985 ,
4180 ,
5932 ,
8055 ,
9379 ,
7598 ,
3701 ,
-983 ,
-4243 ,
-5809 ,
-6435 ,
-6400 ,
-6245 ,
-5949 ,
-5478 ,
-5020 ,
-4440 ,
-3716 ,
-2973 ,
-2176 ,
-1330 ,
-688 ,
-231 ,
42 ,
64 ,
108 ,
110 ,
86 ,
145 ,
140 ,
181 ,
196 ,
782 ,
1038 ,
1575 ,
2569 ,
1326 ,
277 ,
-777 ,
-948 ,
-840 ,
-654 ,
-572 ,
3503 ,
21533 ,
981 ,
-9597 ,
-3304 ,
-1088 ,
-428 ,
225 ,
688 ,
1037 ,
1396 ,
1782 ,
2327 ,
3121 ,
4261 ,
5893 ,
7986 ,
9005 ,
6942 ,
2860 ,
-1567 ,
-4495 ,
-5926 ,
-6255 ,
-6182 ,
-6074 ,
-5686 ,
-5275 ,
-4809 ,
-4201 ,
-3606 ,
-2924 ,
-2101 ,
-1378 ,
-714 ,
-283 ,
-155 ,
-170 ,
3 ,
-59 ,
-51 ,
10 ,
17 ,
60 ,
138 ,
580 ,
1288 ,
1625 ,
2475 ,
1375 ,
461 ,
-883 ,
-921 ,
-848 ,
-746 ,
-457 ,
3458 ,
20888 ,
2269 ,
-7834 ,
-2886 ,
-1364 ,
-890 ,
-279 ,
221 ,
609 ,
909 ,
1401 ,
2025 ,
2878 ,
4187 ,
5786 ,
8105 ,
9389 ,
7403 ,
3459 ,
-1158 ,
-4475 ,
-6087 ,
-6572 ,
-6650 ,
-6465 ,
-6154 ,
-5756 ,
-5176 ,
-4549 ,
-3779 ,
-2879 ,
-2071 ,
-1223 ,
-542 ,
-66 ,
50 ,
224 ,
163 ,
187 ,
233 ,
223 ,
172 ,
300 ,
387 ,
1150 ,
1394 ,
2359 ,
2134 ,
1255 ,
-487 ,
-898 ,
-963 ,
-829 ,
-651 ,
739 ,
10480 ,
16827 ,
-9696 ,
-6024 ,
-2205 ,
-695 ,
-367 ,
9 ,
465 ,
889 ,
1261 ,
1824 ,
2424 ,
3508 ,
4927 ,
6808 ,
8989 ,
8568 ,
5446 ,
889 ,
-3176 ,
-5477 ,
-6417 ,
-6639 ,
-6539 ,
-6194 ,
-5894 ,
-5303 ,
-4782 ,
-4132 ,
-3342 ,
-2513 ,
-1679 ,
-898 ,
-353 ,
-118 ,
20 ,
18 ,
9 ,
153 ,
68 ,
103 ,
139 ,
186 ,
818 ,
1210 ,
2188 ,
2204 ,
1266 ,
-342 ,
-762 ,
-844 ,
-768 ,
-617 ,
-10 ,
7560 ,
18950 ,
-8468 ,
-7646 ,
-2415 ,
-408 ,
-161 ,
311 ,
837 ,
1227 ,
1635 ,
2008 ,
2645 ,
3604 ,
4963 ,
6656 ,
8712 ,
8627 ,
5640 ,
1296 ,
-2787 ,
-5248 ,
-6153 ,
-6353 ,
-6233 ,
-5885 ,
-5556 ,
-5091 ,
-4597 ,
-4030 ,
-3339 ,
-2533 ,
-1764 ,
-1025 ,
-413 ,
-198 ,
-20 ,
29 ,
12 ,
27 ,
96 ,
73 ,
780 ,
1156 ,
1674 ,
2329 ,
1121 ,
-67 ,
-854 ,
-913 ,
-910 ,
-660 ,
-256 ,
5986 ,
21931 ,
-4008 ,
-7955 ,
-2636 ,
-1006 ,
-776 ,
-197 ,
280 ,
669 ,
1050 ,
1546 ,
2179 ,
3234 ,
4583 ,
6294 ,
8617 ,
9046 ,
6413 ,
2002 ,
-2335 ,
-5014 ,
-6184 ,
-6410 ,
-6368 ,
-6133 ,
-5826 ,
-5346 ,
-4807 ,
-4161 ,
-3275 ,
-2557 ,
-1743 ,
-914 ,
-356 ,
-54 ,
133 ,
83 ,
79 ,
149 ,
87 ,
80 ,
107 ,
353 ,
1188 ,
1397 ,
2540 ,
1726 ,
1006 ,
-807 ,
-878 ,
-820 ,
-769 ,
-413 ,
1880 ,
15522 ,
11467 ,
-10622 ,
-4693 ,
-1962 ,
-882 ,
-369 ,
89 ,
475 ,
852 ,
1300 ,
1840 ,
2675 ,
3837 ,
5376 ,
7352 ,
9189 ,
8008 ,
4374 ,
-234 ,
-3940 ,
-5794 ,
-6388 ,
-6550 ,
-6395 ,
-6088 ,
-5687 ,
-5164 ,
-4511 ,
-3903 ,
-3179 ,
-2381 ,
-1572 ,
-829 ,
-365 ,
-211 ,
-80 ,
-86 ,
-73 ,
-41 ,
-61 ,
-61 ,
-26 ,
59 ,
787 ,
1245 ,
1842 ,
2283 ,
1125 ,
-225 ,
-960 ,
-966 ,
-957 ,
-738 ,
-151 ,
6071 ,
20347 ,
-4916 ,
-7199 ,
-2506 ,
-775 ,
-551 ,
-11 ,
481 ,
876 ,
1214 ,
1731 ,
2370 ,
3336 ,
4734 ,
6444 ,
8636 ,
8898 ,
6291 ,
1894 ,
-2473 ,
-4985 ,
-6054 ,
-6301 ,
-6249 ,
-6000 ,
-5699 ,
-5218 ,
-4672 ,
-3990 ,
-3385 ,
-2544 ,
-1865 ,
-1097 ,
-416 ,
-98 ,
26 ,
116 ,
74 ,
110 ,
159 ,
104 ,
203 ,
378 ,
1003 ,
1228 ,
2493 ,
1865 ,
1099 ,
-702 ,
-832 ,
-917 ,
-815 ,
-560 ,
906 ,
12537 ,
13922 ,
-12040 ,
-6699 ,
-2249 ,
-339 ,
123 ,
492 ,
997 ,
1344 ,
1682 ,
2212 ,
2838 ,
3889 ,
5338 ,
7126 ,
9082 ,
8123 ,
4601 ,
93 ,
-3538 ,
-5457 ,
-6129 ,
-6167 ,
-6041 ,
-5662 ,
-5305 ,
-4860 ,
-4303 ,
-3743 ,
-3042 ,
-2302 ,
-1487 ,
-805 ,
-369 ,
-145 ,
-6 ,
99 ,
-5 ,
101 ,
101 ,
61 ,
83 ,
571 ,
1185 ,
1488 ,
2504 ,
1319 ,
417 ,
-775 ,
-952 ,
-801 ,
-655 ,
-439 ,
3556 ,
21067 ,
2191 ,
-8146 ,
-3052 ,
-1526 ,
-1031 ,
-276 ,
187 ,
626 ,
936 ,
1298 ,
2065 ,
2882 ,
4173 ,
5886 ,
8102 ,
9275 ,
7320 ,
3276 ,
-1383 ,
-4550 ,
-6113 ,
-6559 ,
-6501 ,
-6410 ,
-6128 ,
-5733 ,
-5194 ,
-4462 ,
-3641 ,
-2904 ,
-1952 ,
-1141 ,
-588 ,
-163 ,
-78 ,
71 ,
99 ,
83 ,
46 ,
96 ,
109 ,
101 ,
200 ,
605 ,
1256 ,
1531 ,
2628 ,
1531 ,
562 ,
-889 ,
-944 ,
-869 ,
-711 ,
-491 ,
2721 ,
19279 ,
4412 ,
-8455 ,
-3398 ,
-1627 ,
-962 ,
-343 ,
200 ,
596 ,
880 ,
1423 ,
2002 ,
2822 ,
4072 ,
5684 ,
7768 ,
9157 ,
7389 ,
3515 ,
-1057 ,
-4388 ,
-5962 ,
-6473 ,
-6441 ,
-6346 ,
-5939 ,
-5535 ,
-5010 ,
-4415 ,
-3818 ,
-2991 ,
-2184 ,
-1387 ,
-716 ,
-292 ,
-69 ,
-29 ,
105 ,
-10 ,
174 ,
57 ,
127 ,
141 ,
125 ,
297 ,
1030 ,
1217 ,
2287 ,
2072 ,
1140 ,
-604 ,
-710 ,
-902 ,
-729 ,
-463 ,
559 ,
9966 ,
16347 ,
-10595 ,
-6867 ,
-2248 ,
-495 ,
-86 ,
397 ,
744 ,
1164 ,
1578 ,
1988 ,
2704 ,
3678 ,
5068 ,
6887 ,
8910 ,
8322 ,
5238 ,
782 ,
-3289 ,
-5312 ,
-6168 ,
-6327 ,
-6093 ,
-5797 ,
-5421 ,
-4917 ,
-4468 ,
-3908 ,
-3144 ,
-2409 ,
-1598 ,
-855 ,
-314 ,
-5 ,
121 ,
153 ,
214 ,
570 ,
743 ,
769 ,
731 ,
622 ,
986 ,
1551 ,
1653 ,
2918 ,
1689 ,
706 ,
-590 ,
-772 ,
-866 ,
-669 ,
-486 ,
2496 ,
19907 ,
4947 ,
-9507 ,
-3706 ,
-1559 ,
-904 ,
-69 ,
276 ,
675 ,
1073 ,
1353 ,
1870 ,
2662 ,
3820 ,
5367 ,
7572 ,
8943 ,
7289 ,
3550 ,
-1038 ,
-4329 ,
-5887 ,
-6452 ,
-6486 ,
-6280 ,
-6022 ,
-5547 ,
-5076 ,
-4475 ,
-3788 ,
-3017 ,
-2187 ,
-1399 ,
-732 ,
-273 ,
-21 ,
-5 ,
34 ,
98 ,
66 ,
86 ,
149 ,
107 ,
134 ,
160 ,
483 ,
1257 ,
1395 ,
2588 ,
1508 ,
632 ,
-877 ,
-888 ,
-869 ,
-736 ,
-397 ,
2444 ,
18518 ,
6475 ,
-8975 ,
-3566 ,
-1595 ,
-954 ,
-296 ,
196 ,
549 ,
830 ,
1322 ,
1908 ,
2677 ,
3959 ,
5467 ,
7562 ,
9124 ,
7571 ,
3851 ,
-682 ,
-4165 ,
-5904 ,
-6454 ,
-6558 ,
-6392 ,
-6008 ,
-5597 ,
-5090 ,
-4426 ,
-3809 ,
-3069 ,
-2206 ,
-1421 ,
-725 ,
-322 ,
-74 ,
86 ,
76 ,
68 ,
123 ,
75 ,
83 ,
146 ,
159 ,
235 ,
620 ,
1198 ,
1351 ,
2780 ,
1560 ,
652 ,
-748 ,
-905 ,
-897 ,
-670 ,
-513 ,
2029 ,
17883 ,
6063 ,
-9381 ,
-4013 ,
-1502 ,
-623 ,
78 ,
433 ,
757 ,
1134 ,
1505 ,
2020 ,
2813 ,
3921 ,
5549 ,
7609 ,
9023 ,
7551 ,
3909 ,
-771 ,
-4091 ,
-5735 ,
-6309 ,
-6364 ,
-6207 ,
-5925 ,
-5435 ,
-4991 ,
-4359 ,
-3724 ,
-3044 ,
-2368 ,
-1504 ,
-803 ,
-338 ,
-61 ,
-45 ,
30 ,
92 ,
29 ,
201 ,
164 ,
199 ,
371 ,
915 ,
1208 ,
2281 ,
1928 ,
1045 ,
-569 ,
-864 ,
-1009 ,
-793 ,
-591 ,
665 ,
11587 ,
15082 ,
-11621 ,
-6737 ,
-2258 ,
-401 ,
118 ,
449 ,
907 ,
1272 ,
1558 ,
1987 ,
2634 ,
3645 ,
5059 ,
6790 ,
8735 ,
8075 ,
4898 ,
515 ,
-3165 ,
-5208 ,
-5969 ,
-6116 ,
-5908 ,
-5635 ,
-5242 ,
-4842 ,
-4453 ,
-3812 ,
-3194 ,
-2453 ,
-1654 ,
-1048 ,
-545 ,
-236 ,
-154 ,
-60 ,
-82 ,
-108 ,
-46 ,
5 ,
20 ,
229 ,
968 ,
1194 ,
1980 ,
2113 ,
1070 ,
-242 ,
-909 ,
-1040 ,
-818 ,
-663 ,
892 ,
11965 ,
16385 ,
-10689 ,
-5833 ,
-2211 ,
-887 ,
-417 ,
-108 ,
322 ,
819 ,
1196 ,
1701 ,
2485 ,
3531 ,
5006 ,
7020 ,
9100 ,
8463 ,
5385 ,
760 ,
-3215 ,
-5382 ,
-6345 ,
-6500 ,
-6422 ,
-6163 ,
-5787 ,
-5331 ,
-4717 ,
-3990 ,
-3281 ,
-2500 ,
-1600 ,
-898 ,
-377 ,
-123 ,
-31 ,
71 ,
122 ,
93 ,
168 ,
183 ,
87 ,
192 ,
851 ,
1319 ,
1923 ,
2574 ,
1162 ,
39 ,
-736 ,
-872 ,
-788 ,
-560 ,
-177 ,
6278 ,
20767 ,
-4125 ,
-6499 ,
-2275 ,
-800 ,
-522 ,
-29 ,
382 ,
867 ,
1185 ,
1595 ,
2345 ,
3267 ,
4603 ,
6331 ,
8509 ,
8796 ,
6289 ,
1940 ,
-2388 ,
-5007 ,
-6088 ,
-6430 ,
-6309 ,
-6039 ,
-5747 ,
-5269 ,
-4775 ,
-4171 ,
-3454 ,
-2663 ,
-1873 ,
-1177 ,
-563 ,
-180 ,
-45 ,
47 ,
164 ,
114 ,
60 ,
162 ,
151 ,
317 ,
1095 ,
1134 ,
2355 ,
2008 ,
1077 ,
-610 ,
-751 ,
-941 ,
-790 ,
-514 ,
776 ,
11012 ,
14929 ,
-11044 ,
-6520 ,
-2015 ,
-396 ,
145 ,
551 ,
864 ,
1273 ,
1709 ,
2076 ,
2862 ,
3808 ,
5197 ,
7062 ,
8986 ,
8188 ,
4901 ,
279 ,
-3519 ,
-5467 ,
-6197 ,
-6309 ,
-6107 ,
-5824 ,
-5431 ,
-4975 ,
-4479 ,
-3861 ,
-3204 ,
-2486 ,
-1663 ,
-939 ,
-436 ,
-103 ,
-10 ,
3 ,
34 ,
105 ,
237 ,
962 ,
1081 ,
2312 ,
1686 ,
901 ,
-799 ,
-862 ,
-962 ,
-881 ,
-599 ,
1331 ,
15496 ,
10461 ,
-11957 ,
-5742 ,
-1925 ,
-604 ,
-25 ,
454 ,
780 ,
1090 ,
1627 ,
2119 ,
2877 ,
3974 ,
5372 ,
7287 ,
9146 ,
7755 ,
4059 ,
-499 ,
-3946 ,
-5618 ,
-6168 ,
-6208 ,
-6019 ,
-5725 ,
-5359 ,
-4860 ,
-4337 ,
-3662 ,
-2914 ,
-2143 ,
-1467 ,
-702 ,
-323 ,
-85 ,
40 ,
17 ,
-25 ,
7 ,
13 ,
652 ,
1166 ,
1630 ,
2336 ,
1172 ,
76 ,
-869 ,
-1038 ,
-976 ,
-775 ,
-370 ,
5206 ,
21718 ,
-1884 ,
-7324 ,
-2476 ,
-1032 ,
-852 ,
-175 ,
313 ,
707 ,
1124 ,
1575 ,
2217 ,
3264 ,
4538 ,
6325 ,
8663 ,
9157 ,
6602 ,
2199 ,
-2323 ,
-5000 ,
-6137 ,
-6435 ,
-6420 ,
-6198 ,
-5883 ,
-5436 ,
-4825 ,
-4187 ,
-3422 ,
-2566 ,
-1788 ,
-989 ,
-408 ,
-81 ,
91 ,
120 ,
138 ,
162 ,
165 ,
189 ,
509 ,
1223 ,
1401 ,
2682 ,
1525 ,
675 ,
-863 ,
-994 ,
-931 ,
-802 ,
-562 ,
2205 ,
17322 ,
7410 ,
-9835 ,
-3920 ,
-1598 ,
-696 ,
-70 ,
360 ,
756 ,
1118 ,
1477 ,
2124 ,
2929 ,
4091 ,
5759 ,
7818 ,
9278 ,
7763 ,
3728 ,
-1088 ,
-4254 ,
-5856 ,
-6356 ,
-6344 ,
-6252 ,
-5936 ,
-5432 ,
-4967 ,
-4364 ,
-3562 ,
-2850 ,
-2072 ,
-1214 ,
-579 ,
-151 ,
28 ,
106 ,
147 ,
189 ,
194 ,
232 ,
220 ,
156 ,
297 ,
960 ,
1198 ,
2035 ,
2441 ,
1301 ,
-131 ,
-793 ,
-879 ,
-743 ,
-567 ,
-299 ,
5252 ,
21438 ,
-3712 ,
-8347 ,
-2567 ,
-610 ,
-186 ,
330 ,
885 ,
1207 ,
1459 ,
1888 ,
2600 ,
3468 ,
4812 ,
6462 ,
8557 ,
8910 ,
6260 ,
1757 ,
-2443 ,
-5006 ,
-6081 ,
-6245 ,
-6134 ,
-5982 ,
-5484 ,
-5061 ,
-4576 ,
-3978 ,
-3328 ,
-2605 ,
-1809 ,
-1124 ,
-588 ,
-165 ,
-76 ,
-15 ,
-38 ,
-23 ,
-38 ,
-35 ,
11 ,
22 ,
498 ,
1036 ,
1406 ,
2458 ,
1283 ,
448 ,
-798 ,
-963 ,
-916 ,
-832 ,
-569 ,
2601 ,
19192 ,
5419 ,
-9931 ,
-3741 ,
-1587 ,
-827 ,
-228 ,
333 ,
750 ,
1051 ,
1465 ,
2106 ,
2853 ,
4144 ,
5816 ,
7976 ,
9508 ,
7735 ,
3646 ,
-1056 ,
-4381 ,
-6010 ,
-6411 ,
-6418 ,
-6404 ,
-6080 ,
-5580 ,
-5101 ,
-4428 ,
-3732 ,
-3002 ,
-2050 ,
-1224 ,
-628 ,
-188 ,
-26 ,
48 ,
62 ,
106 ,
77 ,
94 ,
87 ,
126 ,
166 ,
215 ,
244 ,
524 ,
1173 ,
1329 ,
2588 ,
1709 ,
977 ,
-693 ,
-941 ,
-926 ,
-777 ,
-603 ,
1489 ,
13928 ,
13259 ,
-10895 ,
-5168 ,
-1972 ,
-688 ,
-210 ,
141 ,
605 ,
933 ,
1383 ,
1876 ,
2662 ,
3755 ,
5353 ,
7318 ,
9279 ,
8401 ,
4900 ,
163 ,
-3677 ,
-5703 ,
-6429 ,
-6549 ,
-6488 ,
-6198 ,
-5727 ,
-5330 ,
-4683 ,
-3980 ,
-3258 ,
-2407 ,
-1525 ,
-836 ,
-327 ,
-89 ,
-50 ,
31 ,
74 ,
109 ,
101 ,
127 ,
152 ,
124 ,
175 ,
213 ,
241 ,
273 ,
419 ,
1003 ,
1320 ,
2282 ,
2268 ,
1231 ,
-305 ,
-717 ,
-802 ,
-681 ,
-458 ,
62 ,
6892 ,
19742 ,
-6575 ,
-7351 ,
-2317 ,
-549 ,
-212 ,
196 ,
650 ,
1112 ,
1360 ,
1849 ,
2581 ,
3652 ,
5026 ,
6830 ,
8913 ,
9105 ,
6399 ,
1837 ,
-2461 ,
-5070 ,
-6149 ,
-6406 ,
-6355 ,
-6166 ,
-5748 ,
-5224 ,
-4813 ,
-4246 ,
-3520 ,
-2787 ,
-1988 ,
-1208 ,
-693 ,
-303 ,
-122 ,
-58 ,
8 ,
-2 ,
16 ,
30 ,
51 ,
111 ,
128 ,
129 ,
251 ,
783 ,
1110 ,
1753 ,
2316 ,
1101 ,
-154 ,
-875 ,
-983 ,
-838 ,
-687 ,
-271 ,
6436 ,
21395 ,
-5194 ,
-7953 ,
-2507 ,
-825 ,
-516 ,
-62 ,
403 ,
799 ,
1082 ,
1477 ,
2090 ,
3002 ,
4301 ,
6082 ,
8369 ,
8738 ,
6293 ,
1878 ,
-2408 ,
-5035 ,
-6169 ,
-6418 ,
-6312 ,
-6093 ,
-5772 ,
-5341 ,
-4856 ,
-4273 ,
-3522 ,
-2779 ,
-1994 ,
-1188 ,
-619 ,
-253 ,
-114 ,
-42 ,
-48 ,
6 ,
-11 ,
20 ,
51 ,
53 ,
185 ,
155 ,
156 ,
428 ,
1142 ,
1281 ,
2597 ,
1728 ,
994 ,
-633 ,
-902 ,
-918 ,
-737 ,
-568 ,
1900 ,
16299 ,
9993 ,
-10457 ,
-4284 ,
-1856 ,
-872 ,
-252 ,
133 ,
524 ,
907 ,
1284 ,
1865 ,
2680 ,
3811 ,
5477 ,
7480 ,
9271 ,
8216 ,
4762 ,
28 ,
-3716 ,
-5755 ,
-6523 ,
-6600 ,
-6471 ,
-6177 ,
-5765 ,
-5228 ,
-4665 ,
-3936 ,
-3132 ,
-2297 ,
-1452 ,
-798 ,
-276 ,
-64 ,
49 ,
129 ,
62 ,
98 ,
150 ,
138 ,
106 ,
216 ,
181 ,
203 ,
289 ,
625 ,
1190 ,
1470 ,
2681 ,
1578 ,
854 ,
-809 ,
-842 ,
-815 ,
-736 ,
-485 ,
2299 ,
18600 ,
4886 ,
-9271 ,
-3754 ,
-1310 ,
-507 ,
108 ,
574 ,
959 ,
1221 ,
1687 ,
2308 ,
3006 ,
4298 ,
5893 ,
7790 ,
9330 ,
7669 ,
3979 ,
-441 ,
-3887 ,
-5708 ,
-6198 ,
-6291 ,
-6146 ,
-5636 ,
-5280 ,
-4795 ,
-4270 ,
-3626 ,
-2919 ,
-2123 ,
-1457 ,
-710 ,
-323 ,
-43 ,
30 ,
67 ,
-26 ,
26 ,
-62 ,
-20 ,
61 ,
102 ,
293 ,
859 ,
1104 ,
2183 ,
1987 ,
1115 ,
-601 ,
-749 ,
-977 ,
-849 ,
-538 ,
878 ,
12709 ,
13668 ,
-11903 ,
-6481 ,
-2134 ,
-558 ,
-82 ,
344 ,
678 ,
1091 ,
1467 ,
1773 ,
2495 ,
3570 ,
4932 ,
6844 ,
8849 ,
7964 ,
4745 ,
300 ,
-3486 ,
-5456 ,
-6171 ,
-6360 ,
-6145 ,
-5837 ,
-5421 ,
-4902 ,
-4424 ,
-3868 ,
-3075 ,
-2291 ,
-1510 ,
-775 ,
-344 ,
-118 ,
-1 ,
-11 ,
22 ,
49 ,
-33 ,
1 ,
9 ,
-49 ,
97 ,
545 ,
1157 ,
1535 ,
2456 ,
1238 ,
378 ,
-873 ,
-1016 ,
-893 ,
-721 ,
-425 ,
4363 ,
21503 ,
-241 ,
-7344 ,
-2605 ,
-1135 ,
-810 ,
-234 ,
296 ,
740 ,
1050 ,
1451 ,
2116 ,
2968 ,
4310 ,
6073 ,
8357 ,
9369 ,
7190 ,
3027 ,
-1551 ,
-4653 ,
-6180 ,
-6605 ,
-6595 ,
-6459 ,
-6150 ,
-5637 ,
-5128 ,
-4416 ,
-3736 ,
-2926 ,
-2065 ,
-1233 ,
-598 ,
-184 ,
-5 ,
77 ,
122 ,
84 ,
112 ,
124 ,
23 ,
100 ,
188 ,
113 ,
79 ,
585 ,
1144 ,
1522 ,
2681 ,
1363 ,
479 ,
-895 ,
-915 ,
-891 ,
-682 ,
-519 ,
3070 ,
19961 ,
2294 ,
-7968 ,
-3007 ,
-1303 ,
-731 ,
-152 ,
330 ,
769 ,
1041 ,
1454 ,
2128 ,
2910 ,
4159 ,
5865 ,
8056 ,
9365 ,
7522 ,
3513 ,
-1126 ,
-4377 ,
-6001 ,
-6463 ,
-6545 ,
-6289 ,
-6031 ,
-5544 ,
-5070 ,
-4407 ,
-3701 ,
-2850 ,
-2030 ,
-1220 ,
-591 ,
-203 ,
43 ,
89 ,
126 ,
128 ,
160 ,
217 ,
118 ,
217 ,
188 ,
133 ,
598 ,
1141 ,
1475 ,
2562 ,
1528 ,
492 ,
-761 ,
-860 ,
-905 ,
-759 ,
-515 ,
1994 ,
18754 ,
5037 ,
-10161 ,
-4207 ,
-1298 ,
-466 ,
260 ,
688 ,
965 ,
1367 ,
1759 ,
2226 ,
3081 ,
4272 ,
5783 ,
7802 ,
9161 ,
7478 ,
3607 ,
-1029 ,
-4316 ,
-5907 ,
-6424 ,
-6383 ,
-6178 ,
-5829 ,
-5397 ,
-4901 ,
-4330 ,
-3613 ,
-2917 ,
-2143 ,
-1381 ,
-695 ,
-280 ,
-33 ,
38 ,
61 ,
64 ,
90 ,
95 ,
163 ,
128 ,
299 ,
1058 ,
1207 ,
2449 ,
1678 ,
908 ,
-838 ,
-939 ,
-1030 ,
-874 ,
-558 ,
1838 ,
16646 ,
9961 ,
-11258 ,
-4810 ,
-1875 ,
-970 ,
-346 ,
133 ,
443 ,
899 ,
1318 ,
1789 ,
2590 ,
3784 ,
5268 ,
7427 ,
9296 ,
8101 ,
4484 ,
-276 ,
-3969 ,
-5781 ,
-6462 ,
-6552 ,
-6454 ,
-6104 ,
-5715 ,
-5176 ,
-4559 ,
-3862 ,
-3018 ,
-2216 ,
-1361 ,
-679 ,
-270 ,
-1 ,
89 ,
49 ,
40 ,
-44 ,
-55 ,
-15 ,
5 ,
-45 ,
60 ,
116 ,
836 ,
1359 ,
2019 ,
2296 ,
1206 ,
-177 ,
-876 ,
-929 ,
-791 ,
-586 ,
351 ,
8465 ,
19128 ,
-7558 ,
-6445 ,
-2231 ,
-700 ,
-499 ,
23 ,
469 ,
895 ,
1282 ,
1746 ,
2383 ,
3412 ,
4830 ,
6624 ,
8933 ,
8863 ,
6081 ,
1575 ,
-2715 ,
-5240 ,
-6261 ,
-6569 ,
-6481 ,
-6188 ,
-5860 ,
-5306 ,
-4711 ,
-4132 ,
-3352 ,
-2526 ,
-1768 ,
-964 ,
-382 ,
-125 ,
87 ,
140 ,
124 ,
147 ,
93 ,
114 ,
165 ,
138 ,
100 ,
296 ,
715 ,
1206 ,
1664 ,
2704 ,
1434 ,
559 ,
-790 ,
-905 ,
-856 ,
-714 ,
-435 ,
2688 ,
19128 ,
3213 ,
-8721 ,
-3327 ,
-1215 ,
-583 ,
75 ,
498 ,
848 ,
1231 ,
1611 ,
2151 ,
2923 ,
4155 ,
5822 ,
7901 ,
9273 ,
7533 ,
3577 ,
-1036 ,
-4339 ,
-5942 ,
-6395 ,
-6445 ,
-6169 ,
-5849 ,
-5400 ,
-4975 ,
-4387 ,
-3732 ,
-2921 ,
-2116 ,
-1361 ,
-658 ,
-161 ,
21 ,
128 ,
158 ,
104 ,
196 ,
257 ,
129 ,
206 ,
243 ,
717 ,
1195 ,
1653 ,
2424 ,
1330 ,
97 ,
-835 ,
-864 ,
-795 ,
-577 ,
-367 ,
4768 ,
22115 ,
-2556 ,
-9121 ,
-2786 ,
-652 ,
-279 ,
359 ,
739 ,
1096 ,
1417 ,
1867 ,
2391 ,
3296 ,
4592 ,
6182 ,
8356 ,
8904 ,
6451 ,
2243 ,
-2152 ,
-4883 ,
-6069 ,
-6417 ,
-6271 ,
-5953 ,
-5629 ,
-5197 ,
-4709 ,
-4169 ,
-3482 ,
-2721 ,
-2021 ,
-1222 ,
-606 ,
-259 ,
-42 ,
16 ,
-55 ,
-27 ,
86 ,
9 ,
58 ,
300 ,
1054 ,
1236 ,
2288 ,
1708 ,
1010 ,
-537 ,
-918 ,
-883 ,
-782 ,
-599 ,
1944 ,
16357 ,
10975 ,
-11371 ,
-4647 ,
-1972 ,
-900 ,
-310 ,
78 ,
498 ,
825 ,
1297 ,
1850 ,
2610 ,
3820 ,
5428 ,
7441 ,
9495 ,
8223 ,
4583 ,
-144 ,
-3911 ,
-5914 ,
-6581 ,
-6671 ,
-6587 ,
-6266 ,
-5903 ,
-5373 ,
-4727 ,
-4023 ,
-3212 ,
-2337 ,
-1464 ,
-782 ,
-210 ,
23 ,
180 ,
206 ,
176 ,
194 ,
224 ,
161 ,
137 ,
197 ,
692 ,
1322 ,
1736 ,
2507 ,
1269 ,
205 ,
-931 ,
-940 ,
-909 ,
-793 ,
-413 ,
4153 ,
21113 ,
145 ,
-7246 ,
-2569 ,
-1068 ,
-719 ,
-60 ,
491 ,
815 ,
1140 ,
1631 ,
2213 ,
3149 ,
4461 ,
6119 ,
8322 ,
9238 ,
7032 ,
2790 ,
-1814 ,
-4867 ,
-6189 ,
-6600 ,
-6587 ,
-6339 ,
-6034 ,
-5586 ,
-5006 ,
-4438 ,
-3716 ,
-2835 ,
-2049 ,
-1251 ,
-536 ,
-230 ,
-12 ,
164 ,
124